Year	Afghanistan	Albania	Algeria	Angola	Antigua and Barbuda	Argentina	Armenia	Azerbaijan	Bahamas	Bahrain	Bangladesh	Barbados	Belarus	Belize	Benin	Bhutan	Bolivia (Plurinational State of)	Bosnia and Herzegovina	Botswana	Brazil	Brunei Darussalam	Bulgaria	Burkina Faso	Burundi	Cabo Verde	Cambodia	Cameroon	Central African Republic	Chad	Chile	China	Colombia	Comoros	Congo	Costa Rica	Cuba	Cyprus	Czechia	Democratic Republic of the Congo	Djibouti	Dominica	Dominican Republic	Ecuador	Egypt	El Salvador	Equatorial Guinea	Eritrea	Estonia	Eswatini	Ethiopia	Fiji	Gabon	Gambia	Georgia	Ghana	Grenada	Guatemala	Guinea	Guinea-Bissau	Guyana	Haiti	Honduras	Hungary	India	Indonesia	Iran (Islamic Republic of)	Iraq	Israel	Jamaica	Jordan	Kazakhstan	Kenya	Kiribati	Kuwait	Kyrgyzstan	Lao People's Democratic Republic	Latvia	Lebanon	Lesotho	Liberia	Libya	Lithuania	Madagascar	Malawi	Malaysia	Maldives	Mali	Malta	Marshall Islands	Mauritania	Mauritius	Mexico	Mongolia	Montenegro	Morocco	Mozambique	Myanmar	Namibia	Nauru	Nepal	Nicaragua	Niger	Nigeria	Oman	Pakistan	Palau	Panama	Papua New Guinea	Paraguay	Peru	Philippines	Poland	Qatar	Republic of Korea	Republic of Moldova	Romania	Russian Federation	Rwanda	Saint Kitts and Nevis	Saint Lucia	Saint Vincent and the Grenadines	Samoa	Sao Tome and Principe	Saudi Arabia	Senegal	Serbia	Seychelles	Sierra Leone	Singapore	Slovakia	Slovenia	Solomon Islands	Somalia	South Africa	South Sudan	Sri Lanka	State of Palestine	Sudan	Suriname	Syrian Arab Republic	Tajikistan	Thailand	Timor-Leste	Togo	Tonga	Trinidad and Tobago	Tunisia	Turkey	Turkmenistan	Tuvalu	Uganda	Ukraine	United Arab Emirates	United Republic of Tanzania	Uruguay	Uzbekistan	Vanuatu	Venezuela (Bolivarian Republic of)	Viet Nam	Yemen	Zambia	Zimbabwe
1960			32.10836992												0.00822498				6.82270722	0.54835718	0.12238853		0.04141396				0.07340272					-0.44713711			3.1635416							0.05464113	1.47458277	6.69885983	0.48439823				25.22446438		2.74473936				0.44308946			0.04579064		13.23859404				1.61942908	0.94676915		0.19890935	51.08528424		94.61988177		2.59972752							1.86321154						1.62818084			39.39636941		0.04703796	0.80299984	0.20544395								0.85303797	4.69226188				5.63608315		11.74752134	0.0044329		-0.96208664	1.96918575			9.89793714											0.0405394		26.43531816		-0.1408336							1.12309759		3.65696964		4.02097805		1.597973		0.06959788				4.9981182			3.04414369			1.03062515	7.48035953		2.35519487	0.0982579			0.29959815	
1961			38.62888359							5.59860391					0.60019507				10.64975197	3.91205433	5.61009805		0.27581529				1.34720524					3.16819058			5.13326592							0.04403629	2.51809099	4.3034776	2.95791369				33.31915788		2.48008563		3.83958572		0.43368485			0.71226113		15.91789238	3.6048094	3.5012286		1.34145662	1.26306358		0.09096565	50.05483346	6.1111997	94.24189223		7.5474238						6.87005852	4.85407281	23.52263569					2.24642456			31.07368138		1.15351318	8.09955084	2.17368707			8.75884031					1.04506943	5.12632181				5.48656787		8.69662041	0.00435341	5.17254064	-1.62349184	0.69953108			8.78507032								0.26758955			0.07283144		23.55157796		0.00591856							1.11060131		1.85083292		3.43082759		1.03953397		1.83408944		0.09250544		6.68918917			3.03988181			3.78768279	0.85547126		4.26179606	1.03326586			0.28758063	
1962			34.21995617							7.79715851					1.49826381				10.0042571	2.35236991	8.15788319		0.89308607				1.75041164					2.86609921			6.4185478							6.27375383	2.788409	6.68889683	2.2277665				19.39141227		25.65969293		6.71253995		0.79327306		2.23553728	2.82159843		13.72289595	1.3684414	2.72771812		1.4438349	1.70485051		0.28406808	47.62333236	7.51565785	80.86899121		5.68058142						4.77848839	6.82289897	67.78376895					2.51025699			27.92872537		2.48422408	6.1434033	0.92373945			6.09321658					0.86646915	3.95247286				8.0465884		9.63867859		1.58471106	0.68654593	1.08664121			8.80983391				3.62274112				0.77741693			3.79118601		11.27447619		0.58571643							1.26350198		1.22311978		5.12365159		1.302915		2.80884781		0.62540084		7.96279756			3.98708452			4.41327463	1.3671889		6.04782199	9.14354501			1.80332422	
1963			23.66446206							3.5926395					1.67527647				9.9497471	2.35132382	0.42762454		0.82341995				1.61287276					4.03290341		5.15211045	5.4555665	-0.02230005						13.0342398	3.27945627	7.17284643	3.89835284				18.16507483		10.15349385		13.20830133		2.46708141		2.30442377	6.34434815		9.87824873	0.76627327	3.30218818		2.04132778	1.13823781		0.65408274	48.87428693	2.02505197	78.69839759		6.22612285						4.12090903	6.3652501	28.60388871					1.41857544			54.06286775		1.74429498	8.09861061	0.07380185			7.01194703					1.52952197	3.9974516				10.03941259		15.0134034	0.00419121	4.22745762	0.85786898	0.7569117			9.52846847				2.16396052				1.42197539			3.21111756		14.36717069		0.34648989							1.01816312		1.84511287		0.53827097		1.21233877		4.07535927		12.91555164		7.54011949			2.62542962			2.83182389	3.30534606		7.29154739	4.85162748			1.60114333	2.59887814
1964			18.64228891							3.17133975					6.98773094				16.18997186	2.90496822	0.7156074		3.02026453				4.91933517			12.63793135		2.31854557		15.78170089	7.48080152	0.05645906						6.25744758	3.72998959	7.93729112	4.09381215				34.92002629		7.63531613		6.43919869		2.68723236		2.57053483	3.78488582		7.94876445	0.9598742	4.69727779		2.48750054	0.68547382		1.58577746	39.78800699	2.31115148	68.53204728		6.14896378		-2.0759613				1.45010537	6.26274524	12.92383213	11.15226948				1.85652923			61.07308011		12.62549715	2.92175155	-0.53143388			7.31581136					1.80731414	4.62501943				10.28298307		8.54793925		4.09818053	1.77188396	2.44269718			6.08619649				2.28805608				1.7025278			16.04919867		20.5788344	4.07837138	0.24529617							0.81843493		2.36006887		0.90378685		1.03137399		8.98877461		13.32786747		5.35903383			2.91354905			4.04136995	0.83665275		9.01325609	-5.72733711			6.06084924	1.05717199
1965			11.65097553							4.69503604					6.79238112		8.75741054		18.39298886	2.81324294	0.78132628		3.33727941				5.5910256	9.62367628		11.7446738		2.12547316		13.71832377	9.46112382	0.07288107						20.39059575	3.98933636	4.03377601	4.53251957				40.70335032		9.39736213		10.48714646		5.97199072		2.854377	6.3182079		10.72307881	1.44643921	4.97441398		2.5729111	0.42755811		1.27987854	49.3229397	5.61910329	58.7506993		7.56860058		-2.7116805				3.79473271	10.28941532	28.35907794	4.55199216				2.32822813			51.328524		9.43293859	2.90727397	1.10937705			7.49183271					1.62946711	4.4721011				9.79732571		24.93384224	33.21755105	4.27655548	4.74580258	2.98932418			7.63058506				2.52508397				1.81023969			12.90294915		33.12885956	6.98501668	1.21416999			30.91766268				1.34553463		3.35800286		0.60858303		1.54261166		7.81912517		17.81205623		6.11532716			2.51938951		0.13346234	3.32020131	1.11336382		7.80955436	1.45579762			3.04161968	0.83199551
1966			9.83675712							50.62961148		6.77724888			5.56268293		7.28681068		31.26108984	3.74484379	0.74575385		3.20754298				8.22183352	9.36032397		13.48979042		4.32734188		21.21703928	7.74432292	0.08995147						13.07816733	4.70605838	3.11291544	6.36317298				27.59105871		8.62722242		8.64064984		7.83109498		2.06456326	3.71815035		13.04705076	1.03194302	4.02931067		2.45216383	0.82921281		0.47276888	43.42021486	5.73988991	60.70731934		5.624551		-2.75245677				3.94080927	13.31495709	29.80859917	1.10883861				3.07964699			54.04467528		21.35631361	5.69156416	0.79569867			6.7288549					1.37838069	5.92409009				7.19209088		14.63976335	33.70105495	4.15558494	3.60292075	1.4285636			7.79878548				3.58554146				3.21415442			11.56917189		19.42924011	4.00536149	1.22963157			37.66090956				2.62550555		4.16786253		3.65371843		1.35105752		6.83757799		9.83444619		6.39930561			2.85353522		8.12606625	2.8726517	1.71510148		28.40611682	2.85854194			7.927858	0.08651754
1967			8.10846231							0.25502398		2.49301733			5.94814202		7.11861622		31.26187768	2.05223293	0.62252103		3.6720773				6.25535023	12.04116809		9.97842463		4.8045348		15.41555941	7.59101862	0.08951931						14.20290591	4.89387328	1.02943222	4.2923979				24.21724698		5.79950105		7.05542609		5.567576		2.93182056	2.02991795		16.79339447	0.99427885	3.53520605		2.65587714	2.19089161		0.45599853	26.98252995	5.41222777	38.79636982		3.60344009		-2.4949582				3.99129654	14.3201709	19.69253238	1.06979251				2.29934922			49.99116421		11.92539208	6.6006262	0.76709773			4.16008059					1.2465996	5.13356589			1.42398999	9.03947276		12.13209117	37.83858802	5.31692695	3.55537824	2.63405064			8.56872851				3.92587099				5.81304336			12.32675352		45.79278783	2.8843213	3.77284312			41.2884757				4.00252194		1.58390826		1.01207134		1.78247871		7.61001368		5.93364025	18.88397968	6.08812218			2.52384554		9.24791511	3.24824991	2.02175126		25.60346463	2.46241679		4.25195343	16.06950377	0.07950082
1968	2.7488788		8.75392773							0.99675061		3.58285467			4.70699843		9.77772783		28.04273715	2.43032523	0.2544594		4.19760883				7.71759981	9.91286592		8.01153177		5.76256263		17.04471653	6.81470962	0.07725634						10.18231883	3.94203991	0.78158617	3.10487302				19.40921179		12.44628663		13.31539742		7.47436883		3.12899494	1.52004084		22.09448723	1.28830231	6.33414833		1.73920209	2.99715224		0.24728187	23.15676133	8.79579219	30.48325224		5.76001169	25.93508067	0.01580001				8.61691078	13.39862568	12.24156278	3.51215912				2.49272115		4.8245616	52.36790044		19.44274604	12.06292284	0.55996071			6.05529403					0.93933763	4.99862436			0.07357356	7.0896721		8.99157693	41.48855967	4.4814335	2.61316967	1.92956376			7.75703267				4.55544854				7.92819552			12.26424695		49.20196884	4.05822803	2.30861305			44.63362438				4.35765731		3.3403024		0.87940224		1.87028881		9.72362202	19.48788844	4.94202776	14.83111203	5.25100924			2.51324593		6.18771216	3.1817957	8.84400527		28.88919102	1.72019403		1.03301341	7.73181651	0.42493767
1969	2.50142926		9.33242579							0.67948961		5.46303397			4.60946383		7.57988623		21.85516967	1.4995697	0.2427263		4.34139893	4.37328596			5.90678499	11.13628285		7.7524827		5.07772401		13.31504233	7.69790836	0.15301251						7.86622513	2.98369841	0.29374128	3.550626				23.37971854		17.16669152		8.13336069		8.36500541		2.47552147	3.28795892		26.01535392	0.90124094	4.70139492		1.66688662	2.94035614		0.44754702	20.12725297	7.1742995	30.00444458		5.11517309	27.45339876	0.47897449				4.10139445	12.99319691	11.97951031	3.56195761				2.92149452		3.9614993	46.88020842		10.62234133	6.64254859	0.43387485			4.95821427	0.00340288				0.91595389	6.93574287		1.5554571	0.05708373	5.79365254		11.17522	43.72877032	5.81338485	2.5273344	2.31700346			10.72475908				4.84459277				3.63002235			13.36454671		25.22881878	3.27102681	7.5202236			48.1172887				4.08188398		0.89307146		1.79017806		1.90498313		8.58517969	7.12035787	6.98902264	23.36384988	5.05499978			3.01275601		4.28354089	2.90840645	6.95876325		38.83261009	1.06170599	10.97592242	0.78070649	5.0052648	0.12716856
1970	2.47099119		8.44867381							4.46833824		9.7113792			5.06122564		6.64138584		22.62176693	1.43881094	0.07720219		3.90961687	5.07894353			9.09083387	7.93967619		5.7926221		6.20249529		11.59851529	6.5335276	0.20889443						7.80714921	3.14694682	4.95279424	3.83603239				13.91301122		13.37019108		2.82081968		6.76550236		2.58102667	2.46714129		24.0874974	1.43491445	5.13131589		1.48536587	4.04518796		0.81266569	22.44694434	5.59809814	46.52257247		5.07459509	42.62641404	0.47014953				8.6966512	9.45642516	9.20234474	2.01544213			7.81711241	2.43980757	2.07454528	3.71320292	61.02050072		6.54879438	7.27205875	0.58123768			5.34591879	0.00886648				1.93132241	9.30387924		1.92096974	0.09670619	7.23796116		10.37987611	53.0553361	5.35002013	3.2526512	1.28394946			8.53126947				5.78599119				6.42700471			9.98471367		76.76003859	2.41539738	13.82532492			51.29805459				3.93569105		0.75765717		3.43907548		2.00599026		8.01220728	16.00588096	5.69097189	22.28561299	5.04067298			3.49791407		22.5574809	3.76565699	4.59819371		37.83353268	0.43083795	10.04059407	2.72226205	3.168175	0.11154569
1971	3.8726149		8.13528373							21.33347772	0.23439061	19.03429159			9.73602195		6.98859311		27.30718592	1.23170284	0.36853589		5.03024628	6.14164315			7.20365547	8.44871316		2.75377464		4.73096159		12.57054924	7.46806287	0.27965445						5.273165	3.47983588	3.92813717	2.76918659				4.63985896	1.60622796	20.01422128		7.38329988		6.33438488		2.06557341	2.26139558		23.02139365	1.24653809	4.19566666		1.76519893	4.95842616		1.59518673	24.9033113	9.42613026	35.54623391		5.70731119	48.86588741	0.63858638				2.57853932	15.74168782	8.874257	1.51247088			6.52710705	3.81380794	7.12471626	4.93669976	50.06805045		12.36397273	11.00531897	0.31690187			8.10476133	0.01299734				1.85248536	6.04913877		1.86938274	2.72374783	7.13222942		12.47526539	50.73131478	6.36071827	2.77457261	1.93543074			9.8783211				6.49114465				7.28988249			12.13438482		144.09650689	3.71954815	14.64737815			42.54858285				4.32073518		0.83792533		3.29941645		1.65159598		8.81195545	8.30487038	4.17471879	20.56105827	5.69951175			3.28375446		20.21891255	4.44827834	3.28214023		54.53801971	0.67853162	10.43475539	5.06329764	4.95227603	0.11867858
1972	4.67975247		7.21575695							12.39357417	3.35846339	19.45984361		31.53705981	6.5843884		10.19137253		47.08467724	0.94562967	0.14083019		5.89166945	7.21638372			9.15369805	13.73283643		3.77189494		4.56289041		16.42363039	8.05485109	0.39555265						5.16037992	2.98007098	3.87616768	4.10879923				19.0574547	1.56996501	15.58461662		9.91015896		6.34477633		3.19444341	1.11640854		17.2588369	1.44914538	5.66600347		1.05646789	4.08999313		2.14252126	28.4901435	8.75928743	58.0119256		5.91631702	79.77262033	0.69255489				6.2121642	12.84929389	8.75511241	3.04620398			7.29446197	4.42235754	5.18861412	6.15050391	46.93590304		10.9656061	12.38863767	0.38763983			6.07598163	0.0137621		0.02301618		2.29751837	4.30686635	9.06836437	1.41479331	12.69988428	4.96448634		7.96120418	66.46704396	5.70625701	2.60653351	4.29708324			10.90623469				7.54660578				15.81859482			10.65691259		158.18020692	3.57284714	13.85725503			72.79049794				4.27541914		5.79883081		8.02188412		1.37357739		9.61034517	13.5531173	3.04709261	21.42181481	6.35494295			4.11193008		14.14033933	4.23887986	7.88244935		67.83991374	0.69352051	12.61732692	7.99615284	4.81844633	0.1462835
1973	4.60155021		7.96252973		0.15711166				2.64435122	59.45049941	6.23130284	19.08867953		36.11923273	8.50440348		5.03351922		52.28248442	0.63661567	0.80799373		9.59448085	7.45051499			8.6319753	13.51030445		3.87499212		5.6122797		18.37595803	8.15047451	0.56543284					1.25454779	4.00863144	4.45362232	24.0380187	3.10775764				22.20753486	2.13553834	26.29285166		12.69145585		4.30818744	0.53384013	3.0092418	2.57495548		11.08357364	1.58784212	4.70195469		1.30926214	4.80927113		1.2145134	60.03643147	7.84452104	105.40724306		7.53682375	111.46793738	0.43063515				4.68584497	12.63051026	6.79493171	5.06427241		7.35022962	5.81344223	3.81362716	4.54189494	11.28642022	85.69175212		24.62213565	15.85815535	0.23453461			5.52305866	0.01137697	2.41088969			2.51629974	10.52033606	14.45283886	1.27057284	27.93112749	4.47468578		13.55546298	65.22813144	5.50872395	5.47624786	5.67386852			8.25669757				9.45351055		0.83868386	1.28261308	20.08625677			16.82999654		141.14363036	4.83292925	11.52260497			64.86118766				4.17596305		3.2757627		60.49850363		1.51371103		11.20978877	15.40973842	2.28104514	24.77937102	2.21283279			2.17445678		1.92587897	6.72045231	5.59155687		79.36084713	0.67770972	10.24171495	9.78339749	9.72172821	0.14461378
1974	3.94023664		7.94661334		47.53755467	0.62641618			2.80921629	149.6181091	7.73018385	14.67444363		47.37062404	10.37518505	1.80745565	11.03776674		51.00034946	1.23975473	0.96731136		15.94690101	10.24290031			8.53975081	19.00866138		1.45558415		3.69736413		25.34759087	7.80514727	1.6339548			8.08226236		49.85100292	3.27869713	4.13624555	36.49795173	2.36192066				29.54118271	3.66902189	26.26375598		19.4744378		3.72547283	19.8519157	3.5366145	4.47781762		16.45329831	2.57409108	6.37412172		2.02101639	5.10060259		0.37393713	36.74075422	10.61895675	155.11011833		8.91465641	103.25026933	0.39510362				54.8728845	18.23755595	9.34274373	4.46608942		8.54232768	7.90628736	5.75683676	4.61764405	18.19781767	66.98067636		75.84431044	28.42810809	0.38056258			6.58984771	0.06964798	2.22939205			2.18333961	11.15962781	26.74379687	1.17725901	201.47229876	7.21843925		9.39345144	85.80986616	8.00347719	4.53217857	3.81399579		3.31979372	7.24650871				10.98880583		68.82617275	38.68185848	35.2218173			28.80020622		146.82593867	3.46995136	9.35600751			64.52063349				5.70066617		17.82670845		105.928989		1.71772159		16.3878771	34.25283157	3.29158966	31.49714331	1.30804365			1.67702593		1.26214812	10.54069224	1.80588822		166.6787137	0.40259174	14.8010115	27.4042112	11.94881606	0.25965157
1975	5.2785198		14.16631558		32.87006658	0.46393352			3.49400474	97.02108731	15.0597349	17.54970455		65.35898696	16.57189375	6.02764077	9.47732201		68.71285287	1.23656678	0.86614904		14.37959599	12.82668286	32.00858355		14.712007	27.95696619		10.67661316		2.9307512	83.79812063	36.3971686	9.6409777	2.0780312			11.2681034		109.17212137	3.94002923	5.55449813	65.2006864	4.06287911				28.93394624	4.05166532	33.57462308		14.88930241		12.43848095	29.73165827	4.67381012	5.42610892		13.54165182	8.15574214	11.93371195		2.57612337	5.11911719		9.44236004	141.79247639	9.98511355	237.99612021		9.19423523	102.69622686	0.3229832				5.55178973	24.53490887	12.5027025	0.58598119		10.88004909	11.67731846	8.07584895	23.82383556	22.20977138	104.38705267		62.51343408	31.85316618	0.36270333			15.17798325	1.99995749	1.78562719			2.9745832	9.68698482	26.4747527	1.28411693	158.87071179	10.94139777		12.7439485	96.96988576	5.9113597	4.18807562	4.27023953		4.68614957	6.99517779				20.70470282		80.54070748	62.50980002	76.04738742	10.10416886		28.27471677		125.53705725	5.47551335	5.18205568			115.30446708				10.28197331		24.19523136		109.80775951		1.99663066		17.29966747	36.68436736	4.33262717	37.87755657	1.48915729			4.82798309		7.38653497	18.46180546	1.72074343		124.97120597	0.28659137	7.9475449	37.05101802	17.43781748	0.64030509
1976	5.42374199		8.50823512		49.87730975	0.53646188			3.05853187	575.02133479	6.8638328	23.38600217		86.05699233	15.16206681	8.95138184	10.72659607		61.53390737	0.84278353	0.65408835		12.7302511	11.61535647	88.33772251		17.62173592	19.37389548		0.96868274		2.75803484	94.97740331	45.90608552	6.26430821	4.77905704	85.38091292		8.19678025		59.59098186	4.60217456	6.31904562	61.71261658	4.04237027				25.73690649	4.21846664	39.41718366		19.45106825		6.03382796	29.73685105	7.58575554	2.28327575		29.21359432	10.52847105	9.18138083		2.7360848	4.80252818	-0.16185463	1.68204043	189.94121927	9.57491387	269.97240564		10.96745009	71.17055933	0.17497555				15.07851865	23.89576391	16.07696473	2.53022284		7.89224639	11.11861847	5.01175438	21.41388552	13.19443416	93.70200073		150.46367421	18.77788365	0.3342467			13.82011435	6.68999526	2.07859983			3.13496154	9.15381764	23.56289473	0.79452475	183.77588318	14.64734353		16.47325077	73.40771645	7.75018285	4.6506732	4.30846642		7.25321784	6.01357189				17.47849467		64.73162088	45.71121348	65.10809832	136.29715845		23.34214945		121.22403668	4.19004092	4.81025499			96.35995615				11.44017771		20.86036828		102.05964387		3.86815476		17.36714106	46.17384549	3.71669601	37.64981911	3.13588891			1.89622819		1.63028308	16.24450181	2.37209424		300.28543431	-1.12361951	4.68753022	68.99596348	12.05009456	0.96423473
1977	6.28032456		7.34520479		86.54805371	0.61474646			2.38457635	158.19559086	10.51432351	18.80038978		69.56711974	14.21895493	7.80778866	13.03877187		59.02324954	0.60093184	0.45788331		17.04502918	12.35975271	95.34088011		22.74844723	22.00582936	19.17634731	0.98143542		1.59947265	43.8197488	29.54178082	7.58970945	4.65782074	142.76033684		10.70554029		67.39920495	2.77947496	4.38668179	65.44028831	5.96526252				51.61079282	3.42761931	38.40888844		36.84406724		8.6739845	37.02102566	6.24342647	4.88238958		15.22774684	12.24071536	9.64857947		1.51562954	3.64187856	1.11168443	6.55750396	229.65810045	11.89913238	202.35289151		10.98170882	108.70522871	0.44210465				52.2113315	29.84875234	19.27719324	2.20544185		7.57424515	13.80039148	5.50494766	25.23768432	16.41770164	95.87052428		126.07546362	24.24297687	0.29441749			32.52884922	7.43118223	2.86729086			5.06895414	7.9350726	17.30418186	0.62511963	371.49571898	8.36084183		13.16244852	76.11192851	10.84575798	5.43290977	4.10365331		4.60730902	6.50246002				20.39787873	46.42271896	39.0469015	40.42657764	112.84575517	34.50545915	0.81508877	23.09946675		174.28741167	7.97349843	5.31752235			79.13029205				12.26749343		23.43065973		128.19309732		2.9507338		25.37667944	71.79339478	2.02076568	41.7367829	2.26256072			1.4707152		47.40619138	20.03345555	4.83731287		136.99791152	-0.59866614	5.81878151	62.24828009	20.4234703	0.9965998
1978	5.58420574		10.51194327		58.02894846	0.61934056			3.87131342	259.56199403	12.70668723	35.49160717		131.10271138	17.12291356	8.13932831	21.5006846		82.6098772	0.77553076	0.55187334		24.02148656	18.71488046	126.94528019		22.11774456	24.40529203	28.39329276	0.33906971		2.23714697	46.89004417	47.849972	15.73550201	4.93518969	70.71635865		12.64766469		95.71890325	3.64828032	4.11217782	65.36359411	7.60615309				79.03060779	4.09845479	43.19122735		57.29708034		10.59274724	29.06715652	4.6265392	12.61065944		33.86450035	13.72126704	14.49060803		1.69460725	4.4511612	6.75874643	5.74775281	253.2642915	54.01008397	210.97118713		16.15283436	176.86979641	0.76793433				89.69267579	39.05277448	26.75023921	1.73542231		10.99242392	16.65461491	6.06728766	54.44499967	22.99486639	120.89276166		165.23425312	46.68283055	0.2691687			22.50079187	9.42650665	6.59658117			4.89766491	9.35714746	27.46143108	0.57959999	58.69497968	8.62969508		11.0431444	85.89604691	9.91278306	7.95638777	5.52003473		0.72936801	4.43904553				25.81410806	46.90753386	32.43063723	44.99027295	101.30791359	43.81040463	0.71124209	40.04383151		256.3821588	12.12956803	2.83163803			121.22676084				20.49926565		27.97320445		110.34711712		5.63229773		39.54907279	95.1432029	3.03732113	51.2362879	4.17721388			3.37160015		2.02274578	24.20156594	1.80824022		171.66833356	-1.04909761	8.02651743	53.5353484	33.64690763	1.33051207
1979	7.39762547		5.94386418		52.94763304	1.02908351			4.32057704	394.65698558	14.47431896	25.46280678		146.63627771	23.3824945	12.55086145	22.62370162		114.91516168	0.74449597	0.47975438		29.4019961	23.28670225	116.11237856		33.09043355	38.93911494	19.16005471	-2.65573754	0.01708696	1.50153933	65.82596772	52.20442914	13.01118457	4.89232309	43.98464706		16.1847916		120.73105911	8.11029865	7.46781198	37.2028772	8.23962575		2.4585315		85.28706076	5.52601119	49.40603214		55.62851853		15.56826011	32.05308978	5.82313011	11.61737709		37.98999529	13.5756275	19.74956477		1.99589931	4.9749377	0.15683265	2.17963394	326.5104231	53.634123	634.48390748		22.04994593	154.95391438	0.90272411				47.65891355	49.67489777	44.7986359	1.10762214		16.18597691	23.2771537	9.25629067	40.97184301	26.95787421	157.39083438		113.73677003	33.63493594	1.01612268			27.53402684	12.6880218	10.21910746			8.65030914	26.1240758	29.65063172	0.36070051	223.32574047	9.29552038		10.27804061	80.93803408	7.88976049	11.13572319	5.7827887		0.82857311	3.56852442				29.56729572	40.73460326	18.33867234	57.20077281	168.67002961	31.56498157	1.17422675	55.8625008		385.93849496	15.97099814	2.32656745			109.1809852				20.93940221		49.57613346		238.22780185		8.36994305		41.42365429	245.79770789	3.11609846	33.78815817	13.56978647			3.91512304		7.54492634	32.60641265	2.3966712		340.49207587	0.70948534	7.1495825	47.04878328	48.92201163	1.74440826
1980	2.14127956		10.67337651		88.90900567	1.56578604			6.74299207	573.85862838	15.4359343	28.17091198		100.59524635	23.73585738	19.80913535	24.7207318		117.24544655	0.68893229	0.15473488		30.77312366	27.89072439	217.86308219	40.13738968	30.7095986	50.06913503	7.75070716	-0.66115849	0.06549416	1.57097399	140.49917	51.26742841	10.33484511	4.59720762	76.85933095		16.35993646		233.80865942	12.21413966	4.13559454	31.93673399	18.33097996		2.69986024		81.89135937	6.00710803	56.4604461		82.6046829		17.25832712	43.24287789	5.76100125	18.20198729		34.15996557	16.83981071	23.58443118		3.12747849	6.35417929	0.72858531	0.91039944	241.06463728	51.22434028	662.79730583		24.04733672	321.4381993	7.48896747				115.03988777	69.50900772	52.37478382	3.76771029		26.33496388	22.58723037	9.74699879	132.11516859	37.57621354	48.05516934		113.82901898	34.25327565	0.99451948			58.07101638	14.36433456	8.60586955			10.04035081	56.18706844	27.62230634	0.46851394	189.99924793	14.86425843		12.29726318	89.0902783	9.56114594	10.60600158	6.15591016		2.41478934	3.64588779				29.90502822	143.74667341	73.24235423	96.45406807	135.09342877	39.87973372	1.32384443	46.76744454		324.59199541	26.72573644	5.75944684			178.09586369				25.35076281		46.33062829		214.18519128		8.78068024		33.24347009	162.10227067	3.53079017	37.72803367	21.66933326		643.42810214	9.11002772		4.00193419	36.44516236	2.9601539		380.45640532	1.28304632	4.97569705	72.31516267	54.20708427	21.68282117
1981	1.74237474		8.42753755		146.30435776	1.29964478			6.45547803	526.99669534	12.89375159	41.65087562		76.64055796	21.26631369	23.0802154	21.9357296		103.68525043	1.83806267	0.94987176		30.75517487	28.27831617	168.6654287	16.65963149	22.30626606	44.69094004	12.91173528	0.0474874	0.4693191	1.93951202	145.99344157	43.94118221	12.60388051	2.76495628	63.56922294		14.50241208	172.05695439	195.9795022	10.95201349	4.16704887	29.22762744	25.343089		3.1436374		57.87558161	6.80431283	61.68667569		102.46646003		12.69971363	66.88003468	5.16575341	21.43233043		66.46762081	16.65059527	23.17210831		2.75721462	6.38963405	0.12039828	18.71032735	204.84557303	62.15972152	506.71637459		26.26309236	254.57147453	6.53079801				175.37685941	74.93787233	56.38325942	1.40092881		25.96936708	21.30878073	10.09759413	77.34051237	31.51605548	147.76349141		140.64328235	59.58667497	1.60457883			50.98216853	11.77276919	7.44757911			10.66685465	28.48689169	31.04623183	0.52027754	206.4595626	9.94429119		11.99921986	87.08863936	13.46197721	11.24634575	7.64348387		3.42764059	8.55881971				28.76577437	87.98268211	96.1192242	90.10341529	137.9707175	61.37040106	2.46708354	68.78565346		250.28999619	17.20498104	8.89249034			116.5156075				23.93401878		42.02164751		195.68557165		8.37246478		22.2308195	184.76690284	-2.77681229	37.07088997	16.16193947		683.7060581	10.57770878		0.30092961	36.4934678	3.28832573		256.27181989	1.10720192	4.86376711	61.92734231	38.11498655	22.7565803
1982	0.75606335		6.58586266		80.12301407	1.02415213			5.9950407	404.19429309	15.53719553	33.69044317		79.41327735	20.29168521	26.22756669	18.83273504		105.04133979	1.40468268	1.31027259		29.36328546	28.63192193	174.65096787	5.18656375	23.12472129	38.30707194	13.59641096	-0.06982343	0.50914978	2.19772205	116.44195855	48.77782346	25.25206539	3.53107542	44.64259777		12.5001385	152.67294376	223.43092077	16.23001854	4.75896253	31.99500628	39.44477575		2.44987955		41.8537605	5.38798963	52.41806782		67.99771809		11.88079466	66.03530575	5.72319308	22.74735815		31.32163921	19.22600844	31.24550967		2.23390025	5.79245306	-0.01504685	0.25082338	223.40168099	72.78670002	352.63943203		27.32245709	248.00040044	3.88687995				71.75724268	65.24832409	54.44144243	30.92135189		26.00351231	18.31103838	9.30951556	30.9686853	28.26489698	74.42931566		114.88349295	48.24606107	2.11205816			40.53274141	16.7771177	7.87059527			11.26741303	28.01921363	40.53894341	0.45138979	105.83502887	10.42075202		13.69018771	81.22619068	21.42923157	8.62294463	6.48574345		3.10212862	0.86227972				27.29412825	74.88358055	67.44526145	74.12840373	135.86247997	98.91634485	4.21700141	48.16121929		265.70758047	23.09215053	8.17320845			106.47146804				25.63799945		48.18556607		120.53000984		7.78729234		26.20370759	183.6900419	4.25885631	30.75875479	14.06831544		783.54924149	9.9342078		4.02638705	34.42321606	2.13957916		211.12373483	1.15935187	4.36509753	71.80734482	50.35055636	26.81246503
1983	1.07515454		4.42046021		54.54927865	1.17626753			3.95388607	644.03924276	11.53043068	64.01324798		96.64998344	21.02258952	28.12495	25.80058281		103.52125112	0.82441853	2.07475727		24.67541482	30.59669913	187.15900231	5.44351144	13.49971529	38.35035374	18.0927738	0.71632784	0.64157698	1.52433383	111.9647267	55.32210425	86.55561285	3.69090089	26.75499469		10.92457186	166.15033089	133.18296649	9.89086972	5.61881511	31.17555161	52.05272258		2.38025216		49.6540488	8.86539705	46.12711775	80.93809509	57.66940361		9.00731026	77.27556838	7.26348932	12.79582961		19.52621023	19.33532841	36.32793345		2.44253974	4.64953787	0.97898939	0.46369876	344.51737404	75.32128554	319.7446381		21.4900805	265.97123358	3.27208729		9.06040581		48.01546316	73.09012657	56.99405804	1.45240992		19.06298378	17.14029393	11.84053646	56.338829	28.94172003	129.50609081		106.76281279	40.19546914	2.05970876	1.09696393		20.78521376	16.64097846	7.72200817	0.00883686		10.85734369	26.45004041	26.58591189	0.5886809	52.33325131	7.6819011		15.06223497	83.65254343	12.76620369	13.18372908	8.07992243		3.39477319	0.19221192				26.13254062	66.624289	56.21231667	51.05061609	145.44191914	114.5808589	3.62101709	53.60479533		222.70000034	17.90127531	5.62591192			100.52402973				28.00763487		59.44642313		89.64515929		8.33979059		36.67681869	183.06733643	5.21935807	29.22737365	7.55967184		523.5667253	10.02366179		3.50846627	28.89471508	1.86677114		212.21611756	1.0855599	2.56602155	49.22675793	33.16770905	25.130997
1984	0.54980595		5.55882876		38.19758991	1.10098177			43.6686919	518.6711323	12.54335645	22.30980813		86.69023904	18.04985947	37.01234207	21.60675175		98.82310084	1.15996267	3.71259901		24.2961345	29.79163345	197.94864596	2.92836416	18.75310896	53.13547405	22.4727449	0.95627332	0.7536393	1.70262204	123.54720674	48.33264228	74.88495489	3.5657142	24.10726399		10.31330642	251.44204527	219.64628163	23.25893658	7.72887256	36.85845457	48.82939932		2.31208052		42.84402628	9.12802472	43.58452469	93.50193671	71.31163806		17.17925627	278.96254076	6.04011389	22.57072336		12.62872197	18.69666997	51.76823991		2.17249264	4.10757923	0.17153115	-0.13034552	316.41533046	71.69717595	251.88393477		21.3319438	184.55653715	2.70556535		9.3271229		29.25639194	66.0945093	61.80424968	1.23841914		15.3575318	26.03446987	21.3943905	28.27485166	41.53033738	33.25599788		99.81874456	33.16122434	1.25752107	1.13302996		15.44223664	20.12643179	6.51664962			9.55121344	28.73473304	23.47711298	0.39767334	74.37113334	7.00183847		28.69148952	79.38982983	11.42729176	13.85473771	7.11983759		3.89718478	-0.91522212				27.57652346	85.54907567	45.45600901	38.1591123	102.23369747	108.63011375	2.82635172	57.64948253		216.56436029	15.61963501	15.25433028			70.00620269				26.86396687		36.90488856		62.56455624		8.83082766		34.46848682	155.7685505	4.4758689	24.68023347	4.99811294		674.47592974	11.50830813		2.56574722	26.09359743	1.92831481		186.7650958	1.03278468	2.5564326	60.79401212	35.1754596	34.66374794
1985	1.36703977		7.67447296	9.08352353	47.74621749	1.29334242			2.98406928	176.57380423	10.82750927	23.60883552		132.97517739	21.94927189	44.4790025	25.76276842		89.39916205	0.62813215	6.23774718		24.39081903	28.87073331	206.34135541	1.79393264	15.14079367	40.85092597	35.13953822	4.02782413	0.87277732	1.75351942	132.63465687	33.59768674	91.99702427	4.15828639	52.38072317		10.21912643	191.23230623	226.61767526	25.84376227	8.72811873	36.01757897	65.92930911				34.28806743	17.67212912	44.05917728	73.4487799	63.56254694		15.20148811	344.26180152	9.22566057	20.64080793		13.9141454	21.79485585	55.57129719		2.02331836	3.58135049	0.24140817	1.27926501	490.30226163	71.04229833	209.45119417		21.46492576	184.71924385	2.42612425		9.69660375		31.07475575	60.40106642	42.17161591	1.35010214		18.34750612	15.4727306	14.53946458	44.89817574	48.34721767	52.93801638		116.60457843	26.22656384	1.98648431	2.69006174		38.48418657	23.1652369	8.20205063	4.39845126		11.17312143	26.99537711	43.0364767	0.37947518	51.77477894	7.24654628		22.13860899	61.92321598	9.11265582	15.54604866	8.38291998		5.01501813	-0.21615312				28.73488501	106.27118998	55.28888059	52.53437481	110.19093822	116.36772619	2.09467213	44.88722656		315.8860419	16.76607158	8.66001844			70.38742431				27.1384982		65.35142748		57.28246813		8.59036353		34.08549017	135.5755255	6.20355895	21.88662642	3.66549172		405.55351647	12.32746719		2.96450296	22.05715199	2.56349032		161.62906268	0.95326007	2.48207069	45.04203267	46.11919441	26.50524299
1986	0.22579756		7.2429749	12.62098217	81.77608237	2.39975519			6.86135045	229.56182813	13.82147504	17.54065359		141.88913932	30.57551955	76.54334787	39.82800142		90.60730445	1.06973547	10.99962308		33.90752098	39.14875803	328.72940098	1.92313688	20.82539572	52.02164145	30.55106017	0.2996987	1.00011498	1.64265388	125.57243122	50.76315312	64.63137729	4.10255633	49.10610814		13.73881135	252.94976066	161.58608412	10.64731684	10.32878123	32.99134549	65.74524535		0.4843077		45.50863158	15.03871127	57.97044961	92.52375328	128.16931688		27.26049326	238.96270359	14.49648239	29.8911796		31.5260579	27.39970375	60.65388287		2.48129845	4.15847339	0.53410189	1.77752484	472.40328546	73.98973173	209.90324091		21.47938915	201.66707435	2.70697736		10.69262478		23.42464365	54.67164499	44.86585939	2.68862892		29.92817868	25.36917708	11.87753261	77.54939961	47.61681453	19.54606181		126.02763783	52.79112857	3.47168945	3.29907256		18.61504706	32.79289803	9.62880084	11.75879464		15.09599049	38.27489178	42.66257868	0.67765467	66.52019528	8.4867597		15.62706668	61.24688043	13.97805094	13.39519689	15.94663201		5.90839698	-0.42578329				31.8184384	132.83830924	90.77603269	117.94671819	137.52553642	114.95965132	2.18788132	86.98232942		408.05823359	23.1037211	10.67533717			99.16294146				30.92536479		52.63918379		66.07342683		8.52923951		50.65060075	148.80794209	16.56269943	29.2982538	6.78176418		515.52573921	12.71107782		23.63131301	29.62915499	9.17954581		177.53481976	1.17488179	3.06290228	34.78688855	63.14708377	24.23221387
1987	4.00877661		8.9781871	12.5761892	90.09446863	2.67409249			2.63087574	19.6890295	16.9225503	18.40999643		134.68476733	29.48010434	73.96123787	43.78049242		134.07174652	2.08025165	13.6383727		32.94562126	39.11167737	263.00301455	2.02730356	18.9282357	68.00950059	37.27984647	2.2842829	1.23402529	2.62282116	143.55616717	63.33937979	77.81671095	4.75179235	57.12042248		21.36878266	214.75026982	221.0406185	17.00463488	20.13786018	33.14298564	83.16870513	138.9900687	0.94010541		58.15926196	14.38474476	49.17038206	94.13288934	124.29438469		30.18147544	192.40632799	27.591978	38.06200716		31.2363438	31.80060436	55.44207738		2.06846043	7.03058048	1.38454309	5.31214973	300.15863408	67.66439157	206.42761039		26.06010093	259.94883621	1.74839968		13.8572739		37.91290547	65.67923257	36.26970846	1.49158692		31.04786487	33.88223226	21.91380643	75.31129306	44.67134022	-4.0553914		103.15700743	60.76631418	2.22853307	2.30161926		18.15948137	52.02500056	7.97678447	12.84585955		18.30092737	37.08751015	48.39039264	0.76798997	27.73060211	6.78796155		16.44768814	72.73722905	15.2451681	14.3707849	12.14553653		6.70371458	0.25571787				35.24641164	181.52578663	81.83818839	125.96194847	206.07347181	156.17772076	1.47587547	96.60478739		345.26634287	16.34657869	8.32808506			183.18337942	85.55044671			25.78473553		48.65153636		69.72543024		8.51223634		34.93351134	217.98595672	29.30017781	35.61479274	7.41415068		3027.94485381	19.14780776		74.78190804	38.95833353	5.29580936		363.99043747	1.25872521	1.99601352	47.34527505	57.28732504	30.56301238
1988	6.32638573	1.73697238	7.03582518	14.18768298	136.82437594	4.49904544			5.73850967	-5.61051401	14.18333593	7.06645574		139.70272104	33.80596511	70.45681434	62.08818442		124.82574231	1.52303697	18.49389325		34.31896325	38.79116289	252.92867832	2.40282351	24.88663457	75.98068966	46.63820007	4.04196485	1.6841691	2.51048571	132.02256194	38.80863688	61.53130246	5.89178999	60.02911036		17.00572228	175.04957244	251.08126665	15.96138889	15.34301949	28.03054827	77.37753519	121.29943021	0.9150776		49.45888652	21.57060528	72.331256	117.68869577	95.27844067		41.26966998	204.12531527	23.87314799	42.61774987		30.30743058	20.11771835	62.72793717		2.32563852	8.91991152	1.53229315	0.3912759	292.57960175	77.34529061	146.06860037		37.55718425	229.99986022	2.91913412		17.44670338		53.70095906	66.76914096	30.09224064	1.30317826		27.02422474	43.48890374	5.99090516	120.83685062	53.28014109	-7.9539959		94.76141428	55.25170944	2.20600091	1.83279104		20.21704561	71.84509798	9.97089913	16.55013549		20.34653951	55.20920918	49.20361623	1.30626294	3.03911695	11.4898364		9.58811997	82.77870522	16.13573098	13.25031376	13.23513881		4.12523595	0.22049737				34.55182006	346.76248745	134.66901926	159.1056364	175.12657468	215.64508426	1.24153267	84.63127153		294.7443777	24.42359558	7.68808047			176.79404943	61.62827598			33.7992466		49.31586384	54.31023393	16.21545874		9.62316184		57.41768934	182.4678644	5.20699247	39.95135568	5.41324925		1617.45979704	24.20190818		-7.35679164	42.57776153	11.09911232		271.03265399	1.42468651	2.52025348	28.45530482	62.48527609	27.42983706
1989	12.58080757	3.17381101	6.30163295	14.58429924	69.99210013	6.271281			15.57174553	-3.65842756	14.72419416	3.80826358		155.44691236	55.57445718	71.03009951	72.05349926	0.00221837	126.9120394	1.58820943	18.13438511		30.91907064	38.86137631	250.55861875	2.84421331	39.61645719	68.74661776	43.39678647	5.26236884	1.78463919	2.31564386	110.27479793	39.47389505	74.14573532	5.41128891	54.24456613		21.81727383	133.04838415	337.37734524	18.79141345	14.01139126	30.00984786	73.25297186	138.26177075			37.14473906	15.72841316	55.93415251	142.96632676	107.75083376		49.85087719	151.13687553	26.35224006	58.88304521		53.0995293	26.97689347	50.80279339		2.06481748	9.92294736	1.66520726	0.63960206	275.00601345	107.723687	99.56953356		46.20431154	238.95891692	2.25536667		25.85745459		43.21022431	80.7109685	28.54594248	2.25921612		30.81379922	45.98059183	7.84473161	125.07967559	53.89711442	-14.51516302		126.56528746	57.70932077	1.39033003	2.84445863		20.4930079	62.86140427	3.66596445	42.20745723		22.50905503	59.30749077	38.30857547	3.7073744	14.18024273	11.41983733		8.26229705	72.34973951	22.58294258	14.29754971	12.81306238		10.80816433	1.21601645				31.00598213	333.0524751	137.49475337	142.89583726	168.03037691	382.58836072	0.86874432	97.32168241		279.07374147	23.1899246	32.35309396			150.49196559	58.7599243			31.65183092		38.09278642	127.6562489	10.3158505		12.25772687		54.12433866	240.4900416	4.22967908	34.72489922	2.73453906		787.52703725	30.81183182		-3.43633442	37.14974295	9.97538352		252.51924968	3.36733824	1.87151872	33.45015734	46.89394748	25.69566738
1990	9.8869583	3.36267949	12.87517535	22.43090421	73.72107741	5.26171425			12.29378674	277.25854813	17.33901417	8.73787513		161.66010693	53.60662741	78.08953028	70.65570053	0.00224043	112.85745022	1.17031027	14.9972561	1.5404685	37.05921868	48.27210277	311.52260456	4.60247952	37.72298478	88.67583011	52.0823354	8.22170609	1.72540414	3.05263326	109.0384333	92.14423469	71.32699629	4.88912615	50.12940025	1.32290523	25.88089052	350.63084167	278.8901109	12.74411136	14.14338509	108.04768141	62.32929765	143.68254707	1.99234144		65.20975346	21.07527703	67.55653326	138.21059842	101.7795218		37.8873343	143.26052851	20.06839551	45.90161246	129.55452977	221.67183404	22.12445116	82.95155125	6.45746655	1.59742982	8.77856909	1.88854268	3.62188363	308.40438173	112.22772608	266.8788176		49.79183353	266.32042278	6.13739932		24.6050751		101.91820596	81.66070918	54.79024347	1.87979122		34.22468081	53.20432118	25.87601568	70.12936793	56.70708089	14.66781931		116.09621794	83.61832852	2.12453343	5.97489454		50.0288992	76.80662064	3.739187	83.48111259	16.83147448	18.89293436	78.96612684	48.28823943	2.67906131	37.6346858	8.44038644		40.36106145	80.20203725	13.80873708	17.99384725	18.46816132	34.78064585	6.23589319	1.21812508		10.36222817	1.72180109	39.50125327	201.68901852	89.19062172	142.9913748	220.58145941	453.98494209	0.90305489	107.85237545		503.88257911	13.73223478	-0.57750365	1.29338345		133.42140646	71.25310118			35.55109226		42.10130869	150.62850015	70.93106949		14.03846032	0.13553552	68.42045042	285.58204692	13.95439184	47.62384955	24.18040553		567.90122815	38.2093398	5.61567403	1.93607981	46.14970001	14.76718154		319.22224742	4.09929082	2.65558235	38.41421742	59.07912387	32.04053922
1991	38.23891997	101.19202408	7.99872177	22.62080382	114.10444611	8.39716957	0.77597912	0.04077226	10.574429	185.77296258	15.26736108	8.85793676	18.40704225	113.89795987	51.58951549	103.54689371	68.14704358	0.00228869	98.82223634	1.29338989	13.5983888	36.00775552	46.36972443	46.07431116	294.60270515	9.65734968	42.53285159	60.25345863	42.60295214	9.26103311	1.60847882	3.89148405	149.33718174	55.01768735	57.47196396	3.45995996	50.7712069	22.3264812	13.23595918	176.58604229	250.50796653	10.65138974	18.88569606	94.19037076	50.95663037	143.65452751		9.92752961	62.6074343	22.0090813	60.93299325	146.25148646	100.27491577	0.03908434	57.77662953	170.53348223	20.15970569	57.76950058	113.10026214	171.59697345	23.76643624	58.76129892	60.42815298	3.06698329	9.7057889	3.35303854	30.88299329	381.20368137	67.23570068	249.78373781	6.80986396	37.37340799	259.45829723	5.78940462		24.90846615	1.29097479	42.86545431	70.76475843	77.26426991	1.64823855	1.07100812	38.10744904	57.24472312	15.54540557	117.60967889	52.07324818	59.72749804	5.78476543	104.12305962	63.00816214	3.39388499	31.3627454		60.67479609	79.91429007	4.16732412	122.22305552	38.91050535	19.27442648	187.23067683	44.58579255	2.64488861	6.91217115	10.31814323		44.26671097	72.8741639	30.82816496	29.5337302	14.96687713	65.83682903	5.90946235	1.2546933		13.67416296	3.80896515	50.70068522	185.97855994	165.14168355	147.81205049	258.90243344	418.28959911	0.8221696	80.91287174		318.28233591	23.74752807	2.50552699	21.60388956		114.84470761	25.6281732			42.09975381		41.50551146	104.7434761	41.78488305		12.47141714	1.23761398	51.58428875	179.33076366	-1.52142855	42.05817016	29.3583618		555.80211104	36.94426007	7.15683788	-3.95424426	41.17957808	13.35076012		306.06829356	1.55202594	3.27347303	24.08933074	106.46367836	36.3898232
1992	14.13823445	126.20279592	13.86656181	27.14546866	72.44915491	7.95512736	6.52081746	0.99438911	10.63797767	153.1499853	13.87848271	4.86895649	26.85945556	134.62052987	50.45946139	99.00378498	91.73266701	3.70600176	81.59637454	-1.52723285	19.60655409	17.00133137	46.6144861	54.39736969	327.40898676	20.21218264	57.18469431	60.03238468	37.23606121	9.95785769	2.47636709	6.9346949	109.67936812	46.18575912	48.42500632	2.30990198	32.68757582	12.53933584	7.19238726	182.40793828	180.02437855	10.76624627	20.65297702	63.71063679	66.97343052	138.21659828	0.44294964	68.62785892	64.60244675	22.60655056	84.27472118	68.3341783	105.929478	3.83678132	39.23889563	133.07809003	20.43456114	66.59884866	105.15968792	90.14208379	13.73182946	59.9922578	21.34936422	2.66701988	10.22388538	1.79821914	7.50431762	434.64036334	49.94622133	106.91442723	0.74036319	34.94105613	340.92580645	3.4145131	4.7326204	31.77088956	30.64969944	35.81444566	80.32390105	59.75183925	0.70524045	25.44668586	29.39111077	59.67804353	10.65324552	130.99365035	48.55071034	12.58528396	113.11482417	93.16522108	42.19039014	3.89537149	44.92989869		37.08859124	105.72795592	2.6961192	93.83295593	40.87736754	19.48659465	140.24013145	41.63878177	2.5840215	19.98213108	7.43325091	0.63055677	76.50384667	89.58243185	16.2159041	18.99827441	25.16836097	37.5816931	5.89419135	-0.07069842	2.21622897	11.04517035	13.05131558	52.06170545	198.3239462	191.3119601	167.96211968	276.08918138	452.98377113	2.88207524	82.90019322		267.6814352	30.60449691	6.23194737	11.88959576		134.3620082	89.5991673			28.78474193		24.71902954	189.77412014	14.91848222	2.15175314	12.77697506	0.16598485	56.36987251	231.24173951	4.74656027	45.0425495	6.3906139	1.68981165	884.74208777	39.05629668	10.84682742	-4.73965486	49.48146811	20.82449081	0.0706429	250.03866086	1.68939179	7.98803765	19.58985091	121.96637427	72.49017892
1993	14.14969013	84.71467562	11.80763137	22.13300503	45.6086474	7.24018991	32.54724542	3.14834811	4.27941625	207.80959827	10.5606092	18.87300145	18.35298999	157.41935793	52.11381111	115.92407232	74.7478031	17.22015962	92.84473265	1.25929968	17.99889299	13.36863806	49.0961859	37.41772618	314.04944881	29.53947077	42.26648977	56.37940294	34.04517895	12.81612385	2.62744918	3.02781843	108.21999896	48.58040244	34.73299135	4.0688416	41.28244182	9.57167009	4.58112024	217.34700612	125.81546849	0.54462573	16.94299858	41.50305201	62.12573953	113.8257421	30.24616343	28.43299422	61.06751457	20.28724441	79.26226771	97.94429684	80.0293361	20.11536266	38.94390713	80.1148267	22.01998532	59.48525834	90.5962203	116.64927543	16.1674188	53.44600742	15.86921268	1.58106958	9.83011961	2.35216258	8.89998537	256.86020708	42.26061275	73.9820615	0.94863406	35.03299674	201.15966692	1.14520589	21.18940849	33.5891356	12.89756575	43.2422726	78.50789857	61.88594119	0.60355815	16.94521404	28.49756496	51.21759407	4.8247616	109.39999388	40.71233061	83.25826741	605.2821676	153.66575258	24.33998035	5.03704132	47.22083405		29.82198112	81.89854957	2.4138498	98.09671355	40.82822853	14.61104926	71.02079031	38.20639297	2.8083535	62.58366738	7.05511504	0.61406201	30.69306745	57.16043345	23.32994816	24.64955025	20.87413235	27.97708401	7.51776242	-0.79192447	6.59093523	7.16688681	16.30613642	56.50122557	261.78266104	178.7283243	126.71701637	290.45519555	365.87286669	1.6365205	59.94105267		266.5010567	47.69500359	7.15106547	9.44791425	3.56900061	157.37803513	121.94321752	6.8237294		30.37909253	74.74286202	19.8820683	182.30115502	19.06218769	4.64125296	9.97466983	0.52053187	23.78231652	297.41722211	1.14988276	27.64913845	7.90291115	7.75159206	440.50469771	31.81009781	6.40053646	-4.67987496	33.86606964	35.86203222	0.36501736	209.9622576	2.00267405	3.45517197	23.01144956	100.14689369	45.01218113
1994	13.25975667	51.83507805	10.47325178	33.10709307	61.90383845	4.67754401	58.24895735	19.39689417	3.62517174	174.29356596	12.28293815	10.94781703	11.77450532	159.51089687	44.86705608	136.15212899	72.19967766	103.78945891	59.39775247	1.62996655	18.17227115	18.56558124	44.11921765	52.73976674	317.92544325	28.78395424	55.28011407	53.44787526	31.3063278	10.95554188	2.54653581	2.57166184	83.71549875	138.22276567	25.5982591	4.3474806	52.59800309	14.31044488	6.08178674	206.58329743	275.74461112	7.63303462	17.13329906	44.06521848	49.15212759	62.05397954	69.48588731	30.06677787	63.66086188	19.27438957	51.08365076	171.22691542	62.95814585	34.78823308	33.07152837	237.65665721	19.27095553	50.58946347	163.5118096	89.73561394	80.93452261	46.13289523	19.22069504	2.45591749	7.76206519	2.1462071	12.97382083	242.3196257	48.29333194	84.75731048	3.27232975	25.1524014	185.99676826	2.69390045	37.87281942	40.38145855	20.74199347	67.00145321	62.1171085	31.91557451	0.81361586	19.57446444	22.05173875	48.34339825	3.28819803	110.58724997	47.15104864	113.68440653	922.65108996	119.23636343	13.31961893	4.99376662	68.56028069		25.71124955	80.27401175	4.08335696	86.12750772	1059.45120861	18.25777519	118.12651826	40.67813677	1.80124739	72.36494293	9.86334988	12063.93781832	14.33246063	58.97548673	19.35879627	14.55721336	14.79623775	47.13584393	6.35053374	-2.54863509	12.45070317	6.6789774	12.44959184	119.8988655	149.2142832	217.12158809	116.78804991	262.31704498	385.7802938	0.91795121	75.10755622	4.99106093	173.24107543	63.51368538	4.93602942	14.61710774	15.97232775	134.25028385	72.58234216	7.22511453		28.32190484	188.64312724	17.49429573	137.94561803	53.33291038	11.70945961	9.8136277	0.2778355	30.25033922	306.35373175	16.12610181	11.79649775	3.44571757	6.45913043	727.94035761	37.99067437	5.67668933	-3.49986063	33.46583384	23.43221204	1.26476292	247.06326305	1.28244816	12.15811526	12.00899401	80.62576826	49.84837216
1995	11.73507621	58.01621373	10.2838226	29.86116113	33.05568472	4.25460198	67.66751344	15.37409319	15.66855427	177.16934023	8.97030986	1.91761761	22.10048708	90.98288538	47.50783628	129.92186934	89.05671246	252.22972801	61.02753295	1.63146629	14.43899931	13.49395919	48.60811151	47.92849563	299.59512943	47.44492371	32.64636122	52.06254915	33.52563106	11.17735384	2.79123428	4.99019286	87.50635993	46.85447877	12.99948898	5.84391656	25.05287092	14.22835504	4.68416588	167.45321916	351.592715	13.78778645	16.37858031	32.53552047	49.60201529	67.23460755	67.27528212	40.50868528	62.30875797	15.37269362	55.1953234	132.48525094	40.25423193	42.01153751	38.19606088	107.89142747	19.72909471	57.21335972	108.00385588	89.43934745	84.5502262	65.62784326	-23.69627085	1.79768581	6.3561821	3.04251164	16.51517896	63.66279044	45.1946861	117.78352583	3.71605998	26.40025158	186.96278415	2.63402552	53.58406791	50.85549797	25.25437695	54.21469555	59.33325618	60.20569635	1.18008505	49.39324997	22.21900181	44.20170036	5.21046775	206.53645838	56.37691856	24.43664392	661.79092618	99.5102915	21.10437335	4.47900133	66.65746714		18.54320475	68.67990637	3.65476439	116.94451209	238.0952354	17.64130049	122.323168	28.70197258	1.95426821	34.06574446	4.04469879	8294.67346568	16.9911158	69.07955568	25.39545983	15.92441405	12.28890488	98.51829617	7.2841014	1.25848592	15.16379518	12.96987971	12.93134138	119.02702004	92.68721856	328.31533264	440.93554779	225.93353819	638.59838196	0.91153985	75.06655829	9.6174224	172.07414687	49.31977749	4.72494894	18.22352261	26.38707993	133.12885311	25.08527066	9.31972779		25.84400298	196.32477136	9.85401722	173.65583275	24.81406884	11.28919201	14.06454301	0.02368734	45.27371773	333.84738169	18.82474933	8.26155559	5.36124148	7.29590323	800.17208617	40.85404438	6.27890456	2.24007374	29.37860391	21.37844951	3.67337458	265.2220103	2.04549827	10.38559861	11.51923743	223.23376405	43.07352708
1996	8.9972954	73.14037259	10.48573954	31.89492843	55.14705719	3.47383239	92.25389795	12.26647434	5.10599355	228.66584637	8.2012801	21.45689717	7.62280862	98.42741125	47.30507738	105.45347484	97.70841879	226.27927379	49.5572608	1.56608138	10.40640823	21.71016107	40.41750133	18.23729217	294.43813559	35.00617652	29.44567609	51.12393916	40.79176105	13.4774155	2.12194242	5.26103036	80.22512308	154.81645714	-0.05781364	5.23068932	25.85221865	12.41799503	3.88612566	150.82755016	608.03858667	10.400155	20.3731137	34.49439634	48.16744339	59.74674455	71.70151224	41.87647739	34.95482761	13.86635594	59.65152611	113.67148943	30.97696088	63.83202073	37.29533975	117.3232516	17.17343482	39.93417781	162.73344311	116.7190935	41.98007957	40.63617941	19.62361056	1.93833203	5.29246351	2.6406648	16.8281173	408.67653369	24.39195017	107.56313885	7.57999992	20.85594108	163.36307847	15.12117246	44.11583864	50.18390557	29.12258775	65.15700704	53.35796889	79.92205351	0.74858429	25.17373574	25.51231624	49.14204054	-21.72463047	102.20774823	49.8263051	189.79168979	1384.32006099	114.74145097	17.80284979	3.27900893	71.30366075		23.72197459	55.55797351	1.11175588	111.77254849	304.39261965	14.99930813	186.30111947	25.65078436	1.70553966	37.07773954	5.39657491	3580.88530358	20.74891364	71.35897452	14.7269506	13.39994979	12.05726831	30.23578064	6.27713948	-3.2545719	8.42402808	10.12553605	9.47940784	77.38255957	160.81182717	259.20975182	243.74206768	189.64156857	354.26274879	0.739735	64.38777589	7.05251124	248.20547481	42.32190905	4.08996047	18.12326202	41.33602719	115.69156493	11.47776113	8.57792042		18.92875941	201.42319955	8.80060635	242.00871745	14.63927334	17.62668938	13.82733037	0.09352809	35.73392845	304.56957935	12.0075038	13.68894085	4.14113812	5.51391211	1109.79930799	32.08700028	7.86983635	2.64264682	28.48492722	11.27061344	3.77562361	179.01130189	1.61174689	11.96680791	16.30781149	65.1045958	32.21151411
1997	11.92067459	54.27216987	8.33440359	23.84818523	60.66353222	2.78371099	53.06916874	23.22327879	12.04052031	252.60241808	7.18330495	21.77617579	5.647695	62.14600229	35.2057509	107.55592156	79.1551116	230.73710819	78.95229024	1.37426771	1.21809706	26.72616166	34.60767763	9.21248022	274.60866136	28.73809009	34.86088395	26.98654035	30.38051429	8.84133564	1.63299254	5.05728436	60.16475732	93.70195179	1.00834859	5.95101076	47.37485971	11.13717798	3.60233	129.60424407	206.25567231	7.98079521	13.22851315	30.96609183	46.28031217	44.53275905	56.2638722	46.75536091	29.5199587	9.53763362	56.14731553	34.0216535	32.40257282	51.39081968	27.59342499	87.42997346	23.54046041	49.77636133	109.95977835	310.7358406	34.96572572	45.57285454	17.08884537	1.64476966	3.93232757	3.17978668	10.35141561	214.91763492	29.52110588	98.08527921	8.06438774	15.25207981	196.16400886	0.74842551	39.88395924	48.16141822	33.09813964	71.40777527	46.48754448	32.53790605	0.77764631	28.93368071	58.38292142	33.52198316	-11.14605282	88.99467678	42.53165718	58.34436306	1049.09520356	98.23851463	36.44268887	1.2028199	78.58309945		16.99035318	57.82764543	1.35562437	97.26571434	246.17118158	13.96250519	73.36062407	32.73959462	1.76136186	44.62700295	5.20558026	2130.32865609	19.24729863	62.18520914	16.41024835	15.9589339	8.63799033	22.32413016	3.84816548	-3.4559226	15.23162283	9.64854924	6.11256947	35.78405696	168.70056278	168.69864222	55.05352479	163.36849801	246.04102281	0.07110786	46.49389596	9.95023967	219.50815834	27.22075479	0.74890774	13.06202182	48.61488965	109.97426543	10.22917746	11.52871192		13.73999288	213.45012138	5.46708442	165.97491496	13.05475979	14.47190229	10.26959795	0.49891516	27.89378765	265.67723452	26.57484497	20.77887478	0.11197138	4.78057454	1085.97771381	37.56293132	5.43125642	0.65135338	30.25853312	11.39394437	5.91696799	154.75911258	0.32402502	11.04569573	22.24631959	63.52519038	28.88806977
1998	8.3190754	86.39215502	13.90631841	21.82804168	136.30341226	2.05082977	62.48932252	15.06401274	77.77013208	325.43747358	7.98441056	63.78697196	4.05717729	63.06243901	31.71889846	92.91644718	67.85306058	245.01530678	67.42491403	1.53493888	1.03404519	29.34501306	36.47826931	11.11458874	314.58403559	26.57986557	33.86971779	34.70594831	22.45029763	7.18132551	1.93153614	4.67387558	78.81532326	22.01818503	7.82882186	7.26081495	37.9989202	43.38074219	2.83210897	119.00686054	275.70779792	13.07455791	14.8428704	29.82072947	32.33487966	39.67799205	76.50789238	64.69939763	35.676308	10.56253448	46.10397	38.15185652	31.86272196	45.60698094	38.34362414	61.35871547	20.68441657	45.74232751	83.17076483	100.00291499	42.92889663	45.57581058	23.2255893	1.57820094	6.15235106	2.57238197	5.32505403	187.05347576	8.8543948	83.72008428	13.85830588	13.72738218	213.59032929	3.81733363	40.99004647	41.26267494	40.27490094	92.27797338	30.96333184	28.5961464	1.06797028	36.60334189	32.72853357	41.19273893	9.12246103	92.49566922	33.4750123	56.47048104	843.59360438	66.44454413	34.67800332	0.31273323	72.92626389		18.89724564	61.85043958	1.58798647	104.42731975	200.62457515	13.34598314	102.73809611	27.72119839	1.7481122	246.79164647	6.12229453	4841.11047567	11.0084137	64.28071752	11.88173448	19.20721268	7.93764596	22.69800025	4.82263244	-1.08042138	9.34936344	16.29641471	8.02873964	50.28580526	154.77154557	40.58213496	191.63876045	190.11913174	203.54720152	0.83858605	53.71116433	11.17451712	307.97835148	24.31367974	0.41961074	28.69559728	20.00619826	73.27835322	9.87484732	11.80433491		17.31898751	204.14753975	8.11861623	126.02264442	10.00154647	26.64335029	11.36378755	1.9272425	27.73046206	207.03656532	11.53999521	15.87404809	0.45801653	6.23771251	556.15088483	29.52340694	9.41573331	1.22991	31.37118451	8.36206541	6.57513236	165.74244186	1.72573944	13.45004747	23.96551105	35.28616139	22.24723238
1999	7.08249885	156.33265849	4.50570377	24.42447591	145.16431626	2.25901513	67.73669497	21.23135397	39.00524808	97.21305977	8.0312546	-2.18150884	4.00224106	198.34379391	31.87826393	113.55181255	62.95335384	343.6063845	37.81376883	0.83786627	4.38362531	33.04324189	35.34261756	11.9831525	325.76536242	21.14085344	28.7495248	33.37812478	23.33510225	4.69438333	1.87824591	8.16370123	41.76964138	46.25411834	0.88793308	5.35784857	57.56714966	30.85363142	2.95102636	107.36128612	142.20656907	22.23224291	12.3073994	23.99816066	33.86580396	34.79067969	66.98363784	59.56757076	29.32285787	9.99782258	43.65610003	39.86462643	26.89649545	55.38686807	32.43026048	101.5337416	24.66803047	29.52669536	44.6848389	74.19204954	25.69638244	118.37477525	24.27262365	1.43610452	10.22197931	2.49209606	3.36767808	155.48819387	-6.544669	86.49071719	11.20529806	10.00843667	252.86552257	4.26820079	41.87717346	47.90902888	41.08238582	51.90030597	15.68029822	34.80005873	0.89083969	37.51569947	23.71270705	41.16147239	6.43961457	111.2159171	33.29814079	64.25583648	1171.80375721	86.93839318	35.57420155	0.47135543	74.30263323		23.96513527	47.47515816	1.75504799	101.27215517	626.85426268	12.43004557	119.76258865	17.13369997	1.27444185	23.57091164	4.42655845	1536.24887618	8.19535035	37.1595233	14.19384391	17.61158077	8.6805364	30.57337845	11.11333171	-1.1719177	25.38196644	17.3283658	13.18659007	49.74379091	109.119257	166.07737226	153.0209791	142.04578095	196.62199178	1.09683159	56.01377703	73.83498793	166.70003623	16.52259612	-0.28067578	59.04541935	15.62165863	99.77788326	13.52647594	12.25276892		9.75015509	186.08158672	9.25168104	72.67179444	14.32309914	18.40460477	16.30759773	175.02388778	14.96301059	198.20466473	21.30661051	26.3616476	0.19987994	5.67605138	425.94178286	26.47565544	11.62861913	1.1227132	30.35104088	7.74484949	6.40052735	171.57768928	1.84415767	15.68642217	27.23395253	61.45713611	20.69151291
2000	6.54524908	101.57399134	6.44154609	18.43252206	129.98802892	2.02219658	70.33170784	17.31065486	18.35293258	90.92550564	7.64809947	6.62956548	3.6427602	65.30265504	35.64985863	79.69354106	50.61372308	196.7196401	18.63286433	1.46278103	1.89094924	38.40233763	15.48766003	14.62798002	221.05293015	28.42888903	24.31103294	20.84923736	15.71750121	3.29414991	1.35525085	5.10648937	35.60378839	10.28003963	6.42544879	4.0507178	57.67061759	42.50695865	3.7880662	100.67212001	219.38262359	7.2361829	12.23629786	19.91571797	32.68381289	35.0885883	77.65616591	45.62182831	13.05906328	10.38583573	36.21405978	9.64701718	37.67147152	39.41832737	31.15590528	164.04602273	22.37625444	18.61605836	67.4849432	85.21289304	21.46080442	60.8182216	24.6729393	1.30934323	7.77930273	1.9790197	4.33363618	134.54538544	5.32263938	108.18556049	12.38647826	16.07780714	200.58053794	1.90208614	39.29309541	43.88112717	37.9967688	52.35540847	18.28507809	23.66903726	2.56630732	27.93387014	20.57994568	40.19732739	2.0975025	64.92576626	26.3135593	53.95669688	935.09869339	85.02340487	17.5083766	-0.40910073	77.40414259		15.53744187	51.23045714	2.26114474	84.92780978	387.0343493	13.00023822	99.01347376	18.4625937	1.42128334	35.12828335	3.86122074	2048.26219996	8.8934123	47.02450257	15.06424187	15.59602747	7.08792838	36.13924611	3.27444407	-4.18200064	29.18390512	19.458904	10.61248686	40.51835558	90.51108159	70.75547033	58.44860874	165.37310914	245.59972043	1.06272595	44.10715031	119.55274094	291.3652236	39.4017322	0.2705472	20.92714687	30.59299464	165.70340895	11.52244395	10.89692975		11.84549259	212.3133031	8.259939	73.95784176	9.73502431	17.98006454	11.13011296	261.50937991	14.13977589	167.61601515	-1.23110039	22.95344371	5.19558806	7.86735867	429.08860837	36.19129971	11.12493063	1.02103754	31.7694372	6.49148373	7.4784151	191.87518478	3.22993341	18.58668978	17.96764387	76.29170981	14.78266763
2001	18.99199969	85.80052816	6.32274831	16.68441709	111.12262244	4.2290349	69.31883557	28.1690489	24.58545115	101.51243288	7.06018239	1.17433776	4.13294773	88.17256485	39.6256594	90.46737991	78.78097895	170.43739341	17.27500415	1.42226648	1.02929974	43.62162384	32.72946457	21.33921054	179.15955566	29.58386465	28.75840195	20.47546251	21.73299622	3.60012873	1.15281791	9.93443091	49.77558725	22.96196604	3.53736705	4.8949026	51.75606209	30.55003586	5.09286528	81.03473652	282.61400775	13.64059435	13.26012454	18.53657406	42.67756947	20.96057666	119.88777301	49.21899868	28.75865188	16.1914515	32.16520519	6.86800111	38.77006297	68.45038525	32.63918069	109.35471961	19.04915116	34.36464086	49.45786923	85.77493763	19.75069711	83.27270853	40.9566878	1.60893938	6.80034326	1.72402604	5.06853498	28.43740876	22.02111242	86.31046343	10.03339565	14.38144851	128.95484477	2.22985797	26.07781517	37.82730888	44.59256829	49.85468581	27.28740105	13.02672223	1.27681093	37.49111395	23.03250366	35.96045925	1.23707696	77.88787372	31.20585335	4.28941989	1317.03330191	104.62532087	17.82377471	0.98645888	75.75651248		16.95545319	52.76457532	2.66108378	60.04934132	710.44135717	14.28588298	160.35202296	22.03829368	1.33834111	3.6209799	12.22886349	1767.92154612	11.26991767	34.47077064	12.69056562	17.20530706	6.94314137	24.87672759	6.35758933	-2.3336577	28.47796406	29.40422975	7.47311687	37.01305451	227.11986266	103.23420778	75.25974702	232.67615411	263.74689351	0.61831904	42.2056279	138.58379201	162.71704522	70.38812539	0.20847897	30.37780466	63.17620837	139.592263	16.25172198	9.41119232		14.06323132	301.39509221	6.87352848	49.834863	9.16586578	25.74024563	4.47519092	215.45381915	9.10406988	209.58144016	-4.85991555	37.39260564	2.07595168	16.41730324	879.9324913	33.98830974	10.63662165	0.71758988	37.07629916	4.93764645	5.95932386	153.53391877	1.8266307	15.5558723	20.75132991	53.38846889	13.43603402
2002	54.12602414	98.31797606	5.84270452	23.6326343	172.54591725	2.62700157	97.30465937	42.38338077	15.30925686	83.76635992	6.09459348	17.3723498	4.04784281	88.72391043	30.36707971	97.43111149	68.66547404	147.83786123	21.88735864	1.31677211	-5.24832977	41.54588653	35.81440779	25.64244896	208.82482419	32.22812665	37.03109289	15.78326204	25.41792389	-0.450766	1.1561689	11.2111545	48.43014667	17.25785864	3.22854221	5.54570214	35.05744303	15.58387535	23.5839314	99.20382366	423.82589321	18.45506981	17.76700469	18.30774533	41.84068951	30.60505298	91.36018054	39.34949296	21.74565808	18.88652007	41.91316133	55.62326122	45.9102043	74.48974133	34.04905624	98.61438368	20.74232401	29.60490599	47.73391537	63.45421095	17.3574855	55.14147403	15.76920349	1.58984966	5.96256527	1.70231611	4.54758351	122.68306706	10.59475086	105.82388137	12.63940088	11.5022198	230.44853667	2.67198132	31.75812941	42.66329197	32.23969742	48.78287991	37.93417386	18.18015367	1.26014781	38.37984482	22.3046395	32.41855176	3.69045577	73.18524291	36.1955748	27.68860344	1064.19950241	130.83056188	19.8451499	1.33304143	75.129099		12.37117372	118.17057909	2.49527466	72.92390965	1160.16633014	13.52847501	79.71338583	24.26663567	2.32938664	32.96557448	13.04950872	1601.66984444	9.4563851	33.38459729	11.9288682	18.35875685	6.79872457	22.77139443	7.8330774	-1.70647437	34.22024737	19.13442889	8.84559974	42.67086667	622.12186463	208.85615913	42.27762775	215.63403954	176.94133708	0.76953694	43.29961576	223.0404881	689.01126711	77.17030621	1.75177561	28.26786827	26.54905024	60.12392304	16.07353085	10.98483125		13.10847578	287.44488365	10.62296694	25.56881791	3.67698961	24.07084842	4.64810681	237.40136605	9.83829277	181.87693999	-7.38328098	22.01846412	4.19738282	9.56829249	1220.68175108	29.12434454	9.92517015	1.10096414	35.6710781	4.87365451	7.21242427	140.7230603	2.29438511	13.05179121	11.73843577	73.89280466	16.65761454
2003	64.9566471	112.02953594	7.41503925	27.23287953	70.98637156	3.09074815	82.97055602	36.12179859	12.39129708	169.21619435	9.6577981	77.53407547	4.75037537	47.06266723	40.15527446	116.04867579	85.63276654	144.04417836	16.17286063	1.26121202	1.330333	53.74084559	42.73852995	32.94177196	323.00939452	34.47060588	52.71334506	13.26914332	26.8820508	5.06825115	1.03516035	19.670295	42.19727717	20.3351122	9.60842677	6.81616706	14.48324346	25.71214188	105.33725568	104.33903754	156.48626668	9.68439877	15.17089655	13.96724478	35.27149696	30.48043501	121.86213133	61.40269316	33.42797452	22.46289294	62.80036957	-8.27306577	43.65053428	53.94521688	47.47110154	103.65085366	20.74400489	28.63329458	113.27852798	79.5553046	20.98176848	44.64474944	24.45337411	0.64856951	7.89176235	1.92372774	89.20624831	70.08024534	3.8937965	243.13787592	19.17610163	15.07838538	182.68797324	2.55363323	34.76586854	45.48796375	49.16635886	121.83089393	39.20519297	34.70201175	1.40733681	108.6233568	31.56175695	43.29684033	4.46660995	56.1647411	46.41945069	22.72625133	975.03041369	91.29727389	-12.01000541	1.121836	86.50884443	13.25558085	19.62167313	54.29179831	2.59652824	78.96278983	1615.61555452	18.05678289	139.32804311	38.03135955	2.34911688	26.95120602	6.81414188	1303.75529597	11.38652642	35.8069197	11.62794207	18.60134324	8.72670473	30.84245189	7.06961543	-9.56467858	28.52914534	27.51928592	8.60571497	39.2606883	1.96725619	96.92892556	57.88297835	187.45668808	251.65385774	0.61407214	43.47401252	141.0296235	109.43163545	64.82699793	1.71218491	29.97679102	28.27670986	138.56326983	17.94932222	13.74488397		27.35689702	302.69608417	21.05292247	22.83077019	6.79807893	20.37743395	-14.54054161	184.80429811	9.39663971	223.51417527	-2.44631363	30.33297733	2.53656402	6.19448806	635.54091201	38.63313663	6.90086147	1.33623175	47.49217219	5.1960776	7.46045256	165.91273784	3.2256266	18.63802173	12.85541136	68.4434403	15.59978149
2004	91.74418901	96.92443586	9.69559886	61.01724736	23.64742898	2.52883904	85.35298924	20.81089976	14.04859943	70.15759698	10.37548069	110.06854487	5.19308833	24.23006195	50.55352992	112.9132452	77.92000713	182.26744606	26.39996002	0.96887892	2.14225694	79.84500165	49.68161077	50.3134752	314.87957965	31.14994587	45.23584358	27.79374986	34.11280324	3.37871341	1.2923965	12.73958143	43.33338774	32.98990265	6.09681636	8.84148789	59.24327809	27.21436864	36.16338657	83.37232401	417.69076134	11.60071873	13.55874656	20.26153382	39.40037135	40.65840055	96.88915252	99.32016154	21.35854793	24.65398947	80.1233442	29.57627111	40.98831703	74.35495611	66.70685079	149.50261995	18.24735054	30.78852131	59.26948811	135.89240756	30.9558372	74.08670732	29.85917021	0.68899949	0.43692907	2.73598977	176.73780246	74.86112446	31.83466378	108.35195198	17.86293232	18.4067652	160.88753806	1.67689317	41.02207022	40.79333766	71.00286783	58.36025643	47.51357462	68.05278879	2.18907937	73.75632107	70.35446736	41.24749933	11.87861554	85.52198557	47.3196133	15.36666515	916.36680683	66.26529534	26.98105012	1.30057962	87.92282208	32.72441612	25.92046804	62.49400954	2.54198077	91.90470271	1388.04764789	16.90288003	205.9505034	41.80127896	4.27703387	41.03005995	8.47357463	995.92169008	9.4728134	41.2558709	6.02908326	17.34274787	5.4893994	39.58796172	4.81859275	-1.47525129	28.76705726	42.21682529	9.15841272	56.57958751	-1.72700383	-133.91339861	97.49354887	170.10363646	219.07686102	0.87495243	98.64306036	125.47276263	121.64141661	69.23635575	2.1880676	43.48466939	31.26278183	265.09707263	19.86920154	13.35564565		21.0629176	331.16519057	32.9176473	50.23496848	5.97436817	34.36003653	0.79790382	165.90372511	11.91161977	202.6662888	-1.17818953	33.29482603	4.3109386	11.48957071	812.48105134	45.56975203	7.97141107	1.31741396	47.46418025	7.37019501	9.324089	189.10166162	1.79523511	19.96067567	13.63964583	97.69587256	15.58247836
2005	109.73220671	102.07300954	10.47912335	21.33829591	98.94184306	2.41354964	57.90165209	24.64101228			9.00216096	-2.27996524	6.06666961	41.29697978	43.73217668	121.41922953	58.80224279	143.38443852	26.83042497	1.16715941			52.01858022	49.63843651	351.74521767	34.12098854	23.48899933	22.03111179	38.27415706	10.55138282	1.35134647	15.07864527	37.8336389	393.49671145	7.60937351	8.00420113			34.34825849	94.6954198	299.09323619	10.44270243	18.64624547	13.85408523	36.10137623	50.87208475	123.72936835		45.32421132	25.26801878	80.42784721	36.17273686	39.35883084	69.67434389	52.83789198	502.5893718	20.57723235	21.17659626	49.63823582	135.84290766	39.8715043	87.0574544		1.6346669	10.99918623	1.44304206	819.2876184		15.96715328	123.11731199	14.62071527	20.65725966	288.56464422		46.86779509	41.95125651		49.10230617	34.28660295	69.01247014	4.11132661		49.96258461	45.43420688	1.1373803	226.49904066	56.71711607		1018.69448062	62.42977578	28.15034372	1.88669992	77.2632031	6.26228917	24.05603254	62.93864448	2.95873761	58.49407282	938.26155271	15.81813634	120.68158586	38.39341077	46.10081297	7.58186982	9.21187174	1196.42135444	8.53997137	41.32318157	10.92358537	16.70199078	6.80858954				40.80257974			64.78458929	55.70733149	65.35787908	72.36436408	240.53816195	207.65596908	1.0543255	63.24095554	116.21830998	194.01706406	60.2200412				418.77517628	22.99447807	14.22768411		53.19829359	283.87996442	59.00286464	85.85255119	3.87230048	33.34208165	-2.51589101	185.52349454	14.72117892	325.94045457	-1.85885512	36.44583923	5.88084879	6.10980556	902.27072699	43.17672597	8.61789992		38.81501727	5.52110472	6.39743389	192.56314082	1.84621586	20.20071819	14.72093679	98.60205718	30.88096045
2006	109.55335089	105.79098496	7.1543635	8.11517495	39.65423407	2.90685568	72.80868289	23.62067116			7.29358167	-3.20749612	7.8555126	26.53275583	48.71792751	140.58326108	85.95650677	142.57101245	36.28171551	0.58564887			65.11958364	56.78608135	296.50170324	35.34355486	94.1763833	32.43991339	27.80210568	6.0466512	0.9477823	23.25738508	51.08336646	68.96932582	7.3318559	7.30026105			38.83555806	145.21353772	278.00559755	8.13565411	15.21190908	11.82498545	29.31870778	33.41006953	43.24227718		33.56834921	25.92139962	67.40196726	21.82297663	47.25268181	85.25386707	55.24138037	255.48418558	37.37173929	18.60021107	64.0252246	173.527966	56.88092716	67.88183853		1.18712675	5.36359364	1.66168809	323.85893887		14.776283	95.72986865	11.49295692	25.01126322	270.50805543		52.79859229	52.55491766		172.07589837	35.77507506	78.36992118	6.37180247		41.54655526	55.71813632	9.21152677	104.09509984	65.83163886		992.19944107	69.51362551	15.57704626	2.28616251	71.28190741	154.71066618	35.7585181	77.89049	2.95551534	75.75135104	1782.84323372	17.3597055	113.14426363	38.31597782	80.20272137	20.95124938	12.55625556	1913.02120182	11.44273088	41.17564173	11.6670936	16.365351	6.77004187				54.22230888			66.94317373	110.49373627	112.71148151	44.19808282	266.76028617	142.63093759	0.991905	76.37842299	172.70992692	153.13644936	65.24692693				415.10249092	36.80542055	14.91540493		34.77918408	371.40732865	64.69747104	124.73975202	1.04516142	29.87465639	-3.25424301	205.75795587	13.85244669	221.79837059	9.43532386	42.82334775	8.27932561	8.54657511	1406.40438251	55.62295893	10.39813498		47.72980268	7.40060697	5.58161568	231.31929971	2.13220093	19.97339885	13.91216621	120.77609936	22.8900565
2007	183.85646543	101.72403327	11.56116391	12.43604564	59.38425747	2.27369505	119.99529222	24.45027543			9.17227341	67.09699916	9.01111483	71.16319273	56.21547177	143.84701949	45.90603701	159.21691521	56.02364846	1.72823451			66.1463691	64.17393596	349.52965172	46.50381349	103.57024634	42.87990066	34.01543321	6.42823412	1.07966313	16.95958425	70.21245969	30.00936753	14.62326283	8.58137046			23.06561123	139.88349229	274.72916597	15.48690813	16.09198955	14.55527325	17.61109481	38.16543133	52.90434928		48.59727576	32.3095293	60.84778018	36.13422775	59.27385678	91.65894527	50.64112431	248.04388687	33.94298784	27.06510632	88.95926074	104.59800078	65.57219301	52.19170964		1.12339361	3.17178006	1.45465549	329.77177597		11.43691503	100.95615228	16.63788922	34.34512097	284.98617262		49.09358648	57.879376		205.34900663	65.88065881	324.39309374	3.24865189		46.1486142	57.46372477	7.56538987	100.8139132	74.79129586		951.36137628	108.93011677	56.09089877	1.03013173	81.76746193	170.5258969	39.12344023	82.35886669	3.94768563	110.0664067	2601.05632849	21.11127282	130.55301812	39.18516727	13.38390299	80.52952576	11.94161636	1169.68525745	-36.96646211	48.27199219	20.1152641	11.34152505	7.11690115				65.44589474			84.11259965	72.01323154	115.96001368	606.82294292	214.782051	307.10114852	-5.20437349	74.04160536	92.56592979	67.49406012	91.91369388				481.92256599	35.53570892	16.18737343		25.52761142	457.10867212	65.52996059	294.04457043	4.2357837	27.81243865	-4.64219446	270.13048342	20.68961986	312.15575088	15.6444643	31.68351057	11.43487745	5.90742538	1046.09057446	58.94764556	9.0794302		69.41277704	11.11727097	6.16363808	262.54875028	2.67986883	27.47191771	11.41312506	81.77984684	38.95749903
2008	173.55029195	121.50466644	9.35284588	17.00987279	71.08227945	3.11924902	101.81196574	25.51613565			12.23686072	33.14924926	11.75729442	76.16794376	73.21216439	117.65738894	60.60408158	123.86192909	377.47253423	2.44039536			68.10066253	64.04422004	461.43672794	44.12037435	28.66043325	60.92852175	39.50520692	6.16102654	0.96451646	22.12836058	63.96572404	121.30913172	17.28162035	11.16937629			29.24789063	172.49722528	301.85374862	18.75010732	17.09028905	21.2030779	39.68024186	37.26597172	47.47970903		66.67949473	39.99518261	53.32664798	42.22482595	56.01768156	197.48479363	55.68576639	301.54469819	38.51805101	36.06400639	93.77747353	161.20458131	85.48323343	57.90409855		1.67538154	4.86546582	1.39308311	348.2216994		32.28404988	111.96416532	21.28844473	34.26318287	273.18752068		60.18684388	75.64379078		224.2218598	72.82362337	346.57913401	12.24677028		42.36746576	67.36209162	5.74056355	154.11357849	68.56872155		947.3702789	137.97248455	87.69735561	1.33826322	87.62874445	168.14418717	46.08456352	89.47013116	10.70686681	100.56367605	3161.94329667	23.04982304	116.84825033	40.35496184	8.60932472	27.13602163	6.17585919	2260.53030337	10.07905077	43.92362797	22.78461656	16.61594645	0.73573762				72.49654219			98.22004903	971.81285431	98.17012155	242.43319422	221.03998648	276.35254915	0.02742527	88.78438912	107.71288132	82.80817879	61.84623356				445.32209895	67.19815406	22.39698393		31.75042574	640.46599472	77.62747774	193.41663407	7.63355222	32.47745797	-9.25147968	257.09949528	54.26884507	248.00742271	7.06760016	36.3687875	15.86909978	3.67116361	1526.90256907	54.00250984	13.37450698		55.69725764	9.8376726	6.49509993	414.59725706	2.17326593	26.90651533	19.60154735	86.75699589	49.49694064
2009	215.29008218	120.12940067	8.55807507	10.61282242	49.11059369	2.86615646	140.43864435	24.38039715			7.41998651	41.79903026	10.41220669	83.39292168	75.74977504	149.44076215	61.8819421	111.70935234	144.53582226	1.93314123			71.57340578	68.56075757	404.32164965	45.26379111	32.53120341	55.59265971	48.29785111	4.49835197	0.83853634	23.67103354	75.42506254	68.50243673	24.90964433	10.02608846			37.82872886	200.3213281	507.42435585	14.58012468	15.13156649	12.11243663	47.48868217	35.24887802	45.71270902		52.73948422	44.86195021	77.79662955	49.68369868	71.92533037	192.75929965	65.56136654	433.22905301	26.58237814	21.84361072	100.67927779	148.75929609	101.1181219	51.33128543		2.01737474	3.78295158	1.26938926	96.33848256		54.46665519	107.41219651	18.38058525	43.57950182	249.18753585		52.37775215	60.68352483		120.52293445	61.43804146	136.05019966	6.52756534		21.12439012	54.76367533	5.04488215	82.3167544	67.52836832		1087.36997901	110.79717234	125.42644734	1.65991057	114.72836343	122.79008796	32.7588434	87.95041614	7.08372933	159.11763541	2355.95779841	26.37265135	115.12063669	29.70561847	10.6219383	50.2366695	14.43020262	1909.23992176	18.59346339	56.74217318	26.22822599	15.38412797	3.67573539				59.98269653			95.49953643	66.05074257	226.39253572	265.76048947	366.9948652	173.18921226	0.01088985	82.5279609	69.05858006	255.09979124	71.30701497				399.43165479	56.46505055	21.28057882		30.13788553	714.47592124	69.63312099	295.38551761	9.60205671	40.49695088	-0.46405668	197.71270769	79.11096905	354.67817621	5.07221841	46.90333418	19.01588971	8.11509201	1529.81852542	56.87003012	14.24203948		72.60092616	15.14474819	6.10037932	438.6216269	2.10659549	38.21270009	24.83960127	96.16392668	58.79716648
2010	213.64436018	123.83528362	5.5937815	10.06882648	223.33295294	3.18639454	111.32605177	17.32417405			8.99424741	55.22257364	14.46408314	75.04690668	74.92672988	141.85224531	55.7560443	137.95251049	77.83681302	2.37479619			66.94045951	72.34191886	663.72474035	47.58456003	26.5583655	59.49258987	41.01025002	10.66137279	0.49085682	14.88389773	101.36350459	307.7142225	22.09346746	11.79867872			53.95666058	157.14227759	457.83541576	19.99047537	11.22701478	7.23962019	48.90459714	90.15090468	51.19483452		85.59024248	39.42447981	88.204914	65.43130768	67.53293888	143.65606108	68.49259116	318.65720084	27.48109744	21.68037274	84.72333235	141.9879157	290.45609839	56.56770264		2.29391825	5.47383235	1.52435145	73.24093076		50.20523519	131.48035658	13.04371428	38.81116971	230.93364867		68.61297711	62.2818896		89.86154759	128.30887729	363.91160856	1.22788142		22.56609878	69.93654201	-0.21766853	241.38024985	72.52537923		442.32714652	106.92289661	99.83548766	3.98560969	105.39350449	128.2599602	30.46991001	82.5754615	7.01411488	123.33419381	2775.50211676	28.40647449	87.76698372	45.03030121	12.94838255	-7.1051989	16.34786567	1601.87146201	35.58083862	70.34801794	17.98330584	-10.29672418	6.19846703				115.76103555			102.90419207	234.233122	236.36928478	155.64382396	669.23376092	278.25825864		73.85939916	73.56812258	590.86477168	71.43484883				630.56373951	41.98644795	20.23294389		27.56871236	619.52367932	58.64377347	190.52172367	6.13503785	51.53840195	-0.3029986	265.15363932	62.81539749	637.80882752	3.26771807	51.72894695	14.51173257	8.60982555	1322.11765492	52.1195099	14.33981462		66.75403747	13.66664747	6.94840225	463.43177948	1.86744405	31.48725639	28.80951083	67.5673198	56.11476552
2011	223.98141176	129.57723192	5.27393405	7.96592671	172.7731101	2.34871335	130.70929418	31.46307388			9.63013223		12.72394926	63.56060445	71.09419115	171.13877822	53.45859103	170.92337054	58.79708605	4.25634487			61.06113485	63.87743425	503.890877	47.58475889	29.27717117	60.82641941	37.02455481	9.35382895	-0.43851146	22.19730729	78.3352984	59.44240777	7.6730713	7.76742496			82.7870191	165.63757454	344.65253461	24.72379299	11.89329381	5.01282108	47.88451918	24.87685625	41.50942453		115.75246224	38.78292306	87.31242351	41.22569239	73.43050843	133.56000854	71.05287487	112.65521448	23.65207887	19.39645798	77.18509797	140.44671515	149.14972604	42.36103987		2.61557348	1.46098175	1.41743229	62.31638519		14.51910335	127.1196694	12.19053022	57.40897142	616.22190209		79.35226134	58.59728428		91.40484032	128.14197325	189.73497092	102.61806129		20.57030058	53.35341088	1.42438503	130.96167822	81.70501122		1495.293975	106.07322899	148.42447564	8.35832238	121.80741046	202.52018285	43.93405347	85.39410732	7.45137188	128.99812188	3727.28163465	27.71028849	90.89900654	37.667464	11.11672919		20.25939077	1381.56414569	29.93137218	82.50318654	12.62713029	20.18567634	-1.42167966				113.1824224			122.72117894	318.75733645	201.03909647	163.96621178	473.67833109	398.22027497		80.91261511	153.86064443	247.27366963	64.58550104				605.47864146	88.79709901	26.86286525	44.33358848	30.03358751	586.733253	49.29041003	142.62571417	15.91513847	36.6521271	-1.98642202	247.6925935	82.22938461	855.17292299		86.13302974	44.77293475	7.88933129	3505.5524186	46.98541556	17.05244521		53.46270833	5.41121994	4.96186524	382.80213053	1.69586739	37.49238338	20.05873203	73.69716216	56.03861615
2012	213.94336347	119.81781065	3.94073415	9.70251427	23.11767799	4.25719541	93.80637234	30.95518515			14.26469053		10.92380919	77.54414657	52.20133063	230.40784099	63.76378555	157.56572299	35.82651265	6.46574112			69.53728941	56.69158949	486.18381998	54.64581822	27.79439431	51.39740305	37.16381464	7.36076778	-0.1304213	16.58682672	140.37147895	31.06959738	6.07081503	7.61829518			41.23643923	171.01007989	361.92463152	26.19295089	9.56824676	20.98337249	35.25372771	14.01292274	41.83558471		83.03645723	34.97676695	121.80587903	39.35011918	72.95461241	162.19839301	69.21290262	71.2876433	19.96559013	59.45907648	50.04420594	152.13373547	124.21809234	65.52600214		1.32870614	0.27776022	2.00940207	40.7927098		9.87288379	143.07852829	7.87152312	59.84330888	617.43715312		83.69350595	63.72849586		128.49925006	137.10255831	137.03006241	13.85991948		16.48972614	76.0528237	0.63024221	142.81362618	62.30360872		1478.523037	110.55818909	140.9505729	3.47843043	158.08061562	164.69865902	44.2555962	83.32571285	9.81314259	115.01852008	3514.20668231	28.51811589	88.97907864	50.0775245	11.45837326		10.77215233	876.66572374	13.61839544	87.83511414	16.28433183	13.06682284	-0.03466627				116.66164277			83.28603466	435.83728817	151.70898614	76.63577645	620.28992123	269.1168549		80.27017102	121.67403972	375.23756047	65.51126496				548.67588758	77.89399037	20.17369514	117.29298961	23.90783625	472.96379393	37.8277695	74.55006397	81.78537814	50.06198362	-1.93658316	250.3437899	36.18054099	760.97960116		94.23164603	41.68956885	7.14895062	2371.55617482	47.52782946	16.98559664		59.97976752	5.13765287	8.6898162	408.56897634	1.72985594	45.80425211	29.08572256	66.16869835	76.36893998
2013	159.67168222	92.97511078	5.3334892	10.97564412	17.37515062	0.82306312	96.75616463	-7.54677437			17.23989086		11.36944624	148.30477965	65.98968556	192.61230867	66.61686648	147.1264936	52.05689592	5.7488735			61.21318747	58.57571564	479.0714106	53.78625532	34.0603254	45.59858706	34.74470135	4.5846938	-0.47169901	18.44243288	109.54659251	32.66232802	6.92096826	8.81524858			36.21150951	168.9694055	282.74123719	14.62049158	9.58270018	62.35542634	26.99296967	4.30132711	24.77865676		108.37811985	40.7349975	105.3833069	47.99484835	57.18773008	159.63391655	49.91686576	115.83403961	31.84186367	42.92184812	64.08580038	133.33666701	110.7745735	71.13352139		1.91775399	0.27588775	1.72079789	46.49205908		25.04276276	164.37742353	5.33063392	72.64589422	602.3895174		94.12330234	64.71647182		105.1240138	158.08015143	126.15053671	20.38336514		21.7444522	71.50259029	-3.84506748	52.21467392	84.95881231		1646.49672183	77.20765471	116.08513028	4.73284074	149.39361812	187.08628881	59.57609442	90.47855678	75.9099918	116.87454994	2816.4184953	32.44554254	81.7819539	43.08731203	14.64621998		11.47370492	2012.15691467	2.40128466	84.41284672	20.07750009	12.21401809	1.94252019				85.57681394			100.47507016	597.08311948	142.86921839	78.43570903	592.5689109	279.8371478		72.15563965	87.48508442	293.58544789	65.4241904				507.29087194	80.72590982	24.12757185	135.13239931	19.51163816	600.51170356	40.65891752	56.31332224	185.81281759	48.45664409	0.42248447	224.20246055	32.54192473	796.81232153		65.24817865	37.50837088	6.69166675	2543.09154324	47.54483359	17.46064433		70.81308176	10.77465409	9.86081088	355.9112534	1.27027109	45.01910042	41.34192447	76.72569504	61.98625822
2014	148.12259887	97.07880188	4.12653588	8.73698993	27.54910171	1.14429767	91.8245149	22.80125828			15.67875286		12.78766962	106.29206368	58.26085227	181.68340775	63.00461649	180.98243196	47.57689303	4.50844913			63.87797867	52.35516716	446.46095785	52.55030786	37.74471138	136.86751695	28.68432058	13.82850558	-0.67674252	26.06407994	98.69763488	22.41519629	11.3755084	23.13099084			32.53494844	184.83220962	229.14294236	16.35091302	10.34677415	39.12206897	15.57872406	0.46334535	25.42395476		78.87513013	36.53587697	108.76602708	59.06674678	49.57419076	139.70674118	41.25441532	364.64645624	17.57431474	50.49964219	65.14290374	210.39573236	102.60302087	67.69858535		2.30921449	-1.49705202	1.04781763	39.7905396		33.38623442	302.41212484	5.36335008	56.98129421	737.38198929		107.20639165	71.4513475		131.12026524	52.44566936	171.94372091	33.05229641		24.93101157	57.16302618	0.66696564	51.81395003	72.97888398		974.06573217	66.32333293	35.46344668	6.77071237	107.78844869	160.24893987	65.51609872	80.11848996	26.48122326	99.50620835	2188.74530642	32.84845754	70.35466837	47.7012135	14.0506282		18.51370854	1332.19855559	-49.53719263	73.22631491	9.45825762	10.91046624	6.73981554				127.11717434			93.38367689		108.63286825	90.84396097	488.97095965	211.41692801		78.21519504	41.24952494	127.36960537	130.25653414				341.55540272	82.63076578	19.75279389	186.08640012	23.64911952	561.76240527	23.03143642	24.20121592	223.09735096	43.19246584	5.17996048	212.49508724	29.55170791	795.1654755		83.40267095	44.63036329	6.30771238	3125.85430029	44.25934264	31.11887241		53.05224482	26.92887586	10.67067012	380.5023482	1.43561029	45.9649237	45.05355517	64.78853193	55.97896822
2015	124.20175767	115.95129591	1.79042392	13.6298529	15.92373716	-0.43806892	118.77388594	7.23078817			16.59395575		11.07906604	78.32630638	41.28513367	133.64748385	72.79940274	103.92312467	30.90465716	4.90605661			55.12733607	36.07861918	292.04939589	43.74853086	28.50499087	108.32661632	42.9743618	3.02348074	-0.21771367	28.53200662	84.61157367	18.2863061	22.95884489	49.26896326			34.08821552	189.70500963	164.52406095	27.22902557	19.62494275	27.30917804	14.1815464	6.40951567	28.09605494		83.90109512	32.12054685	117.97861851	50.71648916	54.62495203	111.55812928	63.57381145	219.88449569	25.30637788	47.14183582	54.70850677	41.87987667	97.78468271	59.31369622		2.42288616	-0.11014645	1.41287912	41.68808971		20.43220661	231.05090186	4.64943947	51.45374863	585.52017947		130.00396736	69.88263093		147.81220533	42.00560262	244.71690822	24.51889555		27.95691067	62.66711803	-0.01982097	52.73524176	68.90393289		993.31525265	81.42245156	62.264927	2.63478267	78.8211697	159.43677012	43.80040385	67.27016966	22.18078856	61.50587212	3012.33853865	45.32439185	73.58232286	43.46038773	13.4237287		18.87417906	788.56497623	2.58284637	72.94112546	8.99720221	10.98857453	5.04293257				76.78767844			95.72641643		76.81529288	123.70000458	484.31606233	245.43845869		59.63597121	35.201967	71.3826998	132.0178501				315.07146646	91.36344281	25.64295232	156.29745857	21.28417347	413.36803313	24.92613188	28.57980803	273.39878024	51.12952786	0.85382244	177.45637217	27.23823414	678.70610762		44.35350344	27.26698097	4.12377965	4473.3761173	42.85522244	32.26396242		50.20546851	6.79364361	14.58152196	688.08827402	1.216349	34.17662516	67.11517929	50.19972547	57.06191865
2016	115.01050509	59.25664958	3.56461208	7.1606181	0.63478627	0.06021817	111.17631123	8.15834694			16.0318749		-2.36193674	94.89710636	46.05561858	70.04150702	63.13100521	131.74404797	41.93201139	3.27231279			55.21080428	70.80853099	216.96727391	46.20046778	31.62219446	111.64508084	42.88385443	9.79951106	-0.5596905	22.96832169	67.55932966	17.44631024	20.55788809	238.03126599			26.68147194	199.49049054	120.18454983	16.99408053	14.77826041	25.80651863	20.2906264	5.69462498	19.78938306		132.39748643	39.42194557	134.59329506	20.66854526	42.80328628	115.23968262	46.29774869	77.81395322	16.00728141	48.28242079	110.42204498	90.61881569	98.86369248	44.48378358		2.02254058	-0.41398339	1.46033402	62.49277266		9.23873524	285.52316423	3.52085378	44.61409966	540.66063106		85.52222991	58.35069541		168.19968748	54.00857125	178.56286999	27.64719377		24.96869843	72.16458749	-1.68879216	47.75974823	67.07653817		217.59091557	73.80512712	33.55337725	6.56188936	106.55493022	136.67139619	58.71132414	55.11224856	28.96888056	72.17422679	2165.36187752	39.0449771	68.36644384	45.81700168	13.43400013		14.54068764	1002.37048363	5.60059246	64.26439252	13.06308566	10.353736	2.73624892				64.44888095			98.59343819		84.59794889	83.31277815	455.63894001	231.47214567		48.7690858	71.54648949	60.18117279	94.5933384				283.32133321	83.43933949	20.99856604	146.50607885	17.76684583	518.08549408	20.30469634	29.26269809	509.55975263	41.52212118	3.30253244	183.34455822	22.39028877	816.76438914		57.22074718	45.21090414	5.69196182	2175.92597347	44.45489886	34.06829839		43.69318554	5.329807	16.25386434	463.70083125	1.45488051	31.03435037	84.69862782	59.05845549	46.63109328
2017	105.01786239	58.32182744	4.22042713	7.48639134	103.95598718	-0.02662895	87.00114413	12.54708318			23.68206132		-26.47236297	90.69257356	60.8490664	158.99394272	84.80053952	131.44429045	46.29772232	1.31783176			46.45438556	40.25303452	228.85624371	53.45355322	49.52318241	111.39631176	43.13247191	3.79579585	-0.69663956	17.38750144	82.59101503	20.94428943	20.05270798	64.79437765			28.16553657	150.92681442	265.74306984	11.18888569	12.10638647	0.34051346	23.73466688	5.49124873	23.18560062		130.34224562	38.76196323	166.27537882	51.50589907	125.77352735	111.4394811	43.37179095	52.67240428	21.67901079	39.13564225	62.00817692	65.95564224	89.32774049	46.83309439		2.38921743	1.05803508	1.73885259	77.42460912		21.03156354	304.39799129	3.29037201	49.38596922	675.84734108		75.11962987	69.06484258		191.07915626	69.64273253	134.11313559	65.62652692		30.46634375	85.88248349	-0.94037372	87.12766772	73.4625354		1249.03109462	67.92398012	9.21314927	6.04765312	245.51124569	187.7899087	67.90850642	63.0419744	28.89222796	77.70257857	2435.4732182	45.93039697	88.11336894	56.61827599	17.59785624		11.37137718	1243.7531371	10.16615515	63.12249422	20.78765026	-0.16600783	1.52586801				59.6622367			102.76304663		84.99350731	106.89636125	672.91847129	194.26711387		58.83255376	191.22221231	168.01842771	72.26751131				293.71255689	120.66283404	17.80063901	200.09946043	14.84094955	452.30135779	21.10434487	35.28477454	609.97025676	36.95720991	3.61393811	186.57401245	44.73742643	851.94409449		70.9882727	38.79866442	4.88739613	2332.60010813	48.80656981	26.54058915		47.30010287	12.06409131	19.99826453	463.15397156	2.95383241	25.41208943	116.18580812	61.73692839	50.98408875
2018	101.92881317	118.94607539	3.40955245	5.17530345	174.27972712	1.60027407	47.12134172	8.43958882			18.83927312		12.37858541	87.08568545	49.65331142	133.17939281	64.02898165	105.76639801	36.59163785	2.04879647			56.22772285	40.2518775	152.98916891	47.29659651	46.16584532	140.50734738	56.55869395		-0.51626177	35.49441118	104.03425157	27.5476738	18.83609798	65.8723212			29.85413335	184.92621601	371.65276351	8.14611859	23.19724126	20.96793806	38.71360736	4.21706903	24.24700937		105.22990027	45.13688657	125.76260129	54.84422897	102.02658703	147.12664184	35.85333181	275.46232593	22.82196858	47.57419719	81.29417379	131.50074703	89.19659278	68.83216788		1.81421209	3.54360995	2.02774549	59.84008466		33.66097073	253.27329625	4.12836149	48.41925385	640.35496888		65.61046083	80.03400598		206.96100959	72.01918694	118.43802501	45.41544442		26.2950947	70.05208122	-1.20781407	230.98522165	78.21884652		922.07081782	101.55537302	52.63639452	4.27764991	104.63962716	246.63787261	22.52763106	61.69614469	31.42288023	61.27925449	2953.73674054	51.63528087	54.43506354	53.30521565	16.85526652		6.41752329	4710.51324586	9.16715609	91.27473914	23.22432441	13.80275566	5.06875725				56.99231054			90.98299789		46.73154104	159.05998264	586.55572338	210.11031575		62.54382255	121.28154007		66.12943015				296.31342432	104.80986324	15.82921107	143.70544556	-12.15191096	460.70739208	23.04867608	22.65676168	589.60069385	43.68164947	-6.09591582	159.76655836	37.57338623	846.90744606		69.62869735	14.4192219	3.0576481	1634.94128344	45.42110968	27.59787586		43.56437532		17.11713429	422.99479987	5.0932741	17.09491425	280.19611344	57.16265235	54.9636622
